deviceId,x,y,z,recordTime
1,16,40,984,2024-08-16T07:58:55.992Z
1,19,43,978,2024-08-16T07:58:55.997Z
1,15,41,982,2024-08-16T07:58:55.999Z
1,14,42,982,2024-08-16T07:58:56.003Z
1,18,40,979,2024-08-16T07:58:55.996Z
1,17,40,977,2024-08-16T07:58:56.013Z
1,19,40,982,2024-08-16T07:58:56.023Z
1,16,37,978,2024-08-16T07:58:56.442Z
1,17,38,981,2024-08-16T07:58:56.447Z
1,18,38,978,2024-08-16T07:58:56.485Z
1,16,38,982,2024-08-16T07:58:56.488Z
1,15,37,977,2024-08-16T07:58:56.493Z
1,17,40,983,2024-08-16T07:58:56.497Z
1,18,40,976,2024-08-16T07:58:56.502Z
1,14,41,982,2024-08-16T07:58:56.513Z
1,16,41,980,2024-08-16T07:58:56.516Z
1,17,39,980,2024-08-16T07:58:56.531Z
1,16,39,983,2024-08-16T07:58:56.533Z
1,18,36,978,2024-08-16T07:58:56.534Z
1,20,38,981,2024-08-16T07:58:56.537Z
1,17,38,979,2024-08-16T07:58:56.546Z
1,17,41,981,2024-08-16T07:58:56.548Z
1,18,43,977,2024-08-16T07:58:56.549Z
1,19,42,978,2024-08-16T07:58:56.524Z
1,17,41,980,2024-08-16T07:58:56.550Z
1,16,42,981,2024-08-16T07:58:56.552Z
1,16,40,978,2024-08-16T07:58:56.553Z
1,18,39,982,2024-08-16T07:58:56.555Z
1,17,37,979,2024-08-16T07:58:56.557Z
1,16,36,979,2024-08-16T07:58:56.558Z
1,18,38,979,2024-08-16T07:58:56.560Z
1,20,38,980,2024-08-16T07:58:56.963Z
1,16,41,979,2024-08-16T07:58:56.970Z
1,18,42,979,2024-08-16T07:58:56.980Z
1,16,39,980,2024-08-16T07:58:56.982Z
1,18,40,979,2024-08-16T07:58:56.983Z
1,18,38,982,2024-08-16T07:58:56.985Z
1,17,38,980,2024-08-16T07:58:56.986Z
1,17,38,981,2024-08-16T07:58:56.988Z
1,16,40,978,2024-08-16T07:58:56.989Z
1,17,41,979,2024-08-16T07:58:56.991Z
1,18,42,980,2024-08-16T07:58:56.992Z
1,16,40,981,2024-08-16T07:58:56.994Z
1,18,42,981,2024-08-16T07:58:56.971Z
1,17,39,980,2024-08-16T07:58:56.997Z
1,18,38,981,2024-08-16T07:58:56.998Z
1,16,38,982,2024-08-16T07:58:57.008Z
1,16,39,980,2024-08-16T07:58:57.009Z
1,18,38,981,2024-08-16T07:58:57.011Z
1,19,40,977,2024-08-16T07:58:57.012Z
1,17,39,983,2024-08-16T07:58:57.014Z
1,16,40,978,2024-08-16T07:58:57.015Z
1,17,39,980,2024-08-16T07:58:57.016Z
1,17,41,981,2024-08-16T07:58:57.018Z
1,18,40,977,2024-08-16T07:58:57.020Z
1,17,38,979,2024-08-16T07:58:56.995Z
1,16,40,981,2024-08-16T07:58:57.022Z
1,17,41,979,2024-08-16T07:58:57.024Z
1,19,37,981,2024-08-16T07:58:57.025Z
1,18,38,979,2024-08-16T07:58:57.026Z
1,16,39,979,2024-08-16T07:58:57.034Z
1,15,40,979,2024-08-16T07:58:57.036Z
1,18,40,979,2024-08-16T07:58:57.037Z
1,17,41,981,2024-08-16T07:58:57.039Z
1,15,40,978,2024-08-16T07:58:57.040Z
1,17,39,980,2024-08-16T07:58:57.042Z
1,15,39,978,2024-08-16T07:58:57.043Z
1,17,39,981,2024-08-16T07:58:57.044Z
1,16,37,979,2024-08-16T07:58:57.046Z
1,17,40,978,2024-08-16T07:58:57.021Z
1,18,39,978,2024-08-16T07:58:57.048Z
1,18,40,979,2024-08-16T07:58:57.056Z
1,16,41,982,2024-08-16T07:58:57.057Z
1,17,39,979,2024-08-16T07:58:57.059Z
1,18,40,981,2024-08-16T07:58:57.060Z
1,17,40,981,2024-08-16T07:58:57.061Z
1,17,39,978,2024-08-16T07:58:57.063Z
1,19,40,981,2024-08-16T07:58:57.064Z
1,18,38,980,2024-08-16T07:58:57.065Z
1,16,39,979,2024-08-16T07:58:57.067Z
1,18,40,981,2024-08-16T07:58:57.069Z
1,17,39,980,2024-08-16T07:58:57.071Z
1,15,39,979,2024-08-16T07:58:57.072Z
1,14,38,981,2024-08-16T07:58:57.073Z
1,18,39,980,2024-08-16T07:58:57.047Z
1,15,40,979,2024-08-16T07:58:57.077Z
1,17,38,980,2024-08-16T07:58:57.078Z
1,17,38,980,2024-08-16T07:58:57.080Z
1,17,38,978,2024-08-16T07:58:57.088Z
1,16,40,980,2024-08-16T07:58:57.487Z
1,17,39,979,2024-08-16T07:58:57.494Z
1,16,39,980,2024-08-16T07:58:57.495Z
1,18,40,980,2024-08-16T07:58:57.497Z
1,17,41,982,2024-08-16T07:58:57.498Z
1,18,39,979,2024-08-16T07:58:57.500Z
1,16,40,982,2024-08-16T07:58:57.508Z
1,19,41,981,2024-08-16T07:58:57.512Z
1,17,39,983,2024-08-16T07:58:57.513Z
1,17,40,979,2024-08-16T07:58:57.515Z
1,17,40,980,2024-08-16T07:58:57.516Z
1,18,39,979,2024-08-16T07:58:57.517Z
1,16,39,979,2024-08-16T07:58:57.075Z
1,15,40,980,2024-08-16T07:58:57.519Z
1,20,38,980,2024-08-16T07:58:57.520Z
1,18,38,982,2024-08-16T07:58:57.521Z
1,16,39,982,2024-08-16T07:58:57.523Z
1,17,39,980,2024-08-16T07:58:57.524Z
1,20,38,981,2024-08-16T07:58:57.525Z
1,17,38,978,2024-08-16T07:58:57.527Z
1,16,39,981,2024-08-16T07:58:57.528Z
1,16,40,977,2024-08-16T07:58:57.536Z
1,17,40,982,2024-08-16T07:58:57.537Z
1,16,40,976,2024-08-16T07:58:57.539Z
1,15,39,979,2024-08-16T07:58:57.540Z
1,18,40,979,2024-08-16T07:58:57.541Z
1,18,41,980,2024-08-16T07:58:57.543Z
1,16,41,979,2024-08-16T07:58:57.544Z
1,17,41,980,2024-08-16T07:58:57.546Z
1,18,40,978,2024-08-16T07:58:57.547Z
1,18,39,980,2024-08-16T07:58:57.548Z
1,18,40,983,2024-08-16T07:58:57.550Z
1,20,38,979,2024-08-16T07:58:57.551Z
1,17,39,981,2024-08-16T07:58:57.553Z
1,19,40,976,2024-08-16T07:58:57.554Z
1,18,40,978,2024-08-16T07:58:57.562Z
1,16,39,981,2024-08-16T07:58:57.564Z
1,19,39,979,2024-08-16T07:58:57.565Z
1,16,40,980,2024-08-16T07:58:57.566Z
1,16,38,980,2024-08-16T07:58:57.568Z
1,16,41,979,2024-08-16T07:58:57.569Z
1,18,40,980,2024-08-16T07:58:57.570Z
1,16,39,981,2024-08-16T07:58:57.572Z
1,16,38,976,2024-08-16T07:58:57.580Z
1,18,40,980,2024-08-16T07:58:57.590Z
1,16,40,981,2024-08-16T07:58:57.600Z
1,17,38,980,2024-08-16T07:58:57.610Z
1,18,40,980,2024-08-16T07:58:57.627Z
1,17,40,981,2024-08-16T07:58:57.633Z
1,18,40,979,2024-08-16T07:58:57.642Z
1,16,39,982,2024-08-16T07:58:57.652Z
1,17,40,980,2024-08-16T07:58:57.672Z
1,17,39,981,2024-08-16T07:58:57.685Z
1,19,39,980,2024-08-16T07:58:57.692Z
1,17,38,979,2024-08-16T07:58:57.702Z
1,17,39,978,2024-08-16T07:58:57.712Z
1,15,41,979,2024-08-16T07:58:57.722Z
1,16,41,982,2024-08-16T07:58:57.732Z
1,16,41,980,2024-08-16T07:58:57.742Z
1,16,40,978,2024-08-16T07:58:57.752Z
1,16,39,980,2024-08-16T07:58:57.773Z
1,18,39,983,2024-08-16T07:58:57.777Z
1,15,39,979,2024-08-16T07:58:57.787Z
1,16,39,982,2024-08-16T07:58:57.797Z
1,19,39,978,2024-08-16T07:58:57.807Z
1,19,38,980,2024-08-16T07:58:57.816Z
1,16,37,977,2024-08-16T07:58:57.827Z
1,18,40,981,2024-08-16T07:58:57.837Z
1,18,40,981,2024-08-16T07:58:57.847Z
1,17,40,979,2024-08-16T07:58:57.857Z
1,18,41,981,2024-08-16T07:58:57.867Z
1,16,40,981,2024-08-16T07:58:57.877Z
1,18,41,978,2024-08-16T07:58:57.662Z
1,18,40,978,2024-08-16T07:58:57.887Z
1,17,39,978,2024-08-16T07:58:57.932Z
1,17,40,979,2024-08-16T07:58:57.938Z
1,17,40,981,2024-08-16T07:58:57.947Z
1,18,39,979,2024-08-16T07:58:57.957Z
1,16,39,982,2024-08-16T07:58:57.967Z
1,16,39,979,2024-08-16T07:58:57.977Z
1,16,38,979,2024-08-16T07:58:57.987Z
1,16,40,978,2024-08-16T07:58:57.997Z
1,19,39,980,2024-08-16T07:58:58.007Z
1,18,39,979,2024-08-16T07:58:58.017Z
1,18,38,979,2024-08-16T07:58:58.027Z
1,18,40,980,2024-08-16T07:58:58.037Z
1,18,40,980,2024-08-16T07:58:58.053Z
1,16,40,981,2024-08-16T07:58:58.060Z
1,18,40,978,2024-08-16T07:58:58.070Z
1,15,40,980,2024-08-16T07:58:58.080Z
1,16,40,978,2024-08-16T07:58:58.090Z
1,17,39,979,2024-08-16T07:58:58.100Z
1,18,40,980,2024-08-16T07:58:58.110Z
1,18,38,980,2024-08-16T07:58:58.120Z
1,17,37,979,2024-08-16T07:58:58.130Z
1,18,38,980,2024-08-16T07:58:58.140Z
1,16,39,980,2024-08-16T07:58:58.150Z
1,16,39,980,2024-08-16T07:58:58.160Z
1,16,40,979,2024-08-16T07:58:58.170Z
1,17,41,981,2024-08-16T07:58:58.180Z
1,17,40,979,2024-08-16T07:58:58.198Z
1,16,39,983,2024-08-16T07:58:58.202Z
1,18,38,978,2024-08-16T07:58:58.212Z
1,15,38,979,2024-08-16T07:58:58.222Z
1,18,41,981,2024-08-16T07:58:58.232Z
1,18,41,981,2024-08-16T07:58:58.242Z
1,17,39,978,2024-08-16T07:58:58.252Z
1,17,40,981,2024-08-16T07:58:58.262Z
1,16,41,979,2024-08-16T07:58:58.272Z
1,17,39,980,2024-08-16T07:58:58.282Z
1,17,41,979,2024-08-16T07:58:58.292Z
1,19,39,980,2024-08-16T07:58:58.329Z
1,18,39,978,2024-08-16T07:58:58.342Z
1,17,38,980,2024-08-16T07:58:58.351Z
1,16,38,980,2024-08-16T07:58:58.361Z
1,17,38,980,2024-08-16T07:58:58.371Z
1,19,40,979,2024-08-16T07:58:58.381Z
1,16,40,982,2024-08-16T07:58:58.391Z
1,18,40,979,2024-08-16T07:58:58.401Z
1,16,39,981,2024-08-16T07:58:58.411Z
1,17,39,980,2024-08-16T07:58:58.421Z
1,16,38,980,2024-08-16T07:58:58.431Z
1,19,38,979,2024-08-16T07:58:58.441Z
1,17,37,982,2024-08-16T07:58:58.451Z
1,18,37,978,2024-08-16T07:58:58.461Z
1,17,39,981,2024-08-16T07:58:58.471Z
1,16,40,982,2024-08-16T07:58:58.485Z
1,17,40,981,2024-08-16T07:58:58.493Z
1,17,40,978,2024-08-16T07:58:58.503Z
1,16,41,980,2024-08-16T07:58:58.513Z
1,16,40,978,2024-08-16T07:58:58.523Z
1,18,39,980,2024-08-16T07:58:58.533Z
1,16,39,980,2024-08-16T07:58:58.543Z
1,17,41,980,2024-08-16T07:58:58.553Z
1,17,39,979,2024-08-16T07:58:58.563Z
1,17,39,981,2024-08-16T07:58:58.573Z
1,16,39,980,2024-08-16T07:58:58.583Z
1,18,38,979,2024-08-16T07:58:58.593Z
1,16,38,981,2024-08-16T07:58:58.603Z
1,17,40,981,2024-08-16T07:58:58.613Z
1,16,40,980,2024-08-16T07:58:58.631Z
1,17,40,980,2024-08-16T07:58:58.637Z
1,16,39,978,2024-08-16T07:58:58.646Z
1,16,38,980,2024-08-16T07:58:58.656Z
1,18,40,980,2024-08-16T07:58:58.666Z
1,16,39,979,2024-08-16T07:58:58.676Z
1,16,40,980,2024-08-16T07:58:58.686Z
1,19,38,980,2024-08-16T07:58:58.724Z
1,17,40,981,2024-08-16T07:58:58.733Z
1,19,40,979,2024-08-16T07:58:58.743Z
1,17,41,980,2024-08-16T07:58:58.753Z
1,16,40,980,2024-08-16T07:58:58.763Z
1,17,40,979,2024-08-16T07:58:58.777Z
1,17,40,980,2024-08-16T07:58:58.786Z
1,16,41,978,2024-08-16T07:58:58.796Z
1,17,40,979,2024-08-16T07:58:58.810Z
1,16,39,980,2024-08-16T07:58:58.816Z
1,16,40,979,2024-08-16T07:58:58.826Z
1,16,40,980,2024-08-16T07:58:58.836Z
1,17,42,979,2024-08-16T07:58:58.846Z
1,18,40,982,2024-08-16T07:58:58.856Z
1,17,38,980,2024-08-16T07:58:58.866Z
1,17,40,978,2024-08-16T07:58:58.876Z
1,17,39,981,2024-08-16T07:58:58.886Z
1,17,38,979,2024-08-16T07:58:58.896Z
1,18,40,980,2024-08-16T07:58:58.906Z
1,17,41,980,2024-08-16T07:58:58.920Z
1,16,41,978,2024-08-16T07:58:58.929Z
1,16,39,980,2024-08-16T07:58:58.939Z
1,17,39,980,2024-08-16T07:58:58.949Z
1,16,39,980,2024-08-16T07:58:58.960Z
1,17,38,981,2024-08-16T07:58:58.969Z
1,17,39,979,2024-08-16T07:58:58.978Z
1,19,37,980,2024-08-16T07:58:58.989Z
1,18,40,979,2024-08-16T07:58:58.999Z
1,15,38,980,2024-08-16T07:58:59.009Z
1,17,39,982,2024-08-16T07:58:59.019Z
1,19,39,980,2024-08-16T07:58:59.029Z
1,16,39,979,2024-08-16T07:58:59.039Z
1,16,40,979,2024-08-16T07:58:59.049Z
1,17,40,980,2024-08-16T07:58:59.068Z
1,16,41,980,2024-08-16T07:58:59.072Z
1,17,40,980,2024-08-16T07:58:59.082Z
1,18,39,980,2024-08-16T07:58:59.120Z
1,17,39,980,2024-08-16T07:58:59.129Z
1,18,40,981,2024-08-16T07:58:59.139Z
1,16,39,980,2024-08-16T07:58:59.149Z
1,16,39,980,2024-08-16T07:58:59.160Z
1,18,37,978,2024-08-16T07:58:59.169Z
1,17,38,981,2024-08-16T07:58:59.179Z
1,17,39,980,2024-08-16T07:58:59.189Z
1,16,39,981,2024-08-16T07:58:59.208Z
1,18,39,979,2024-08-16T07:58:59.212Z
1,16,40,980,2024-08-16T07:58:59.221Z
1,16,42,979,2024-08-16T07:58:59.231Z
1,15,40,980,2024-08-16T07:58:59.241Z
1,16,40,980,2024-08-16T07:58:59.251Z
1,17,39,979,2024-08-16T07:58:59.261Z
1,17,40,978,2024-08-16T07:58:59.271Z
1,17,41,981,2024-08-16T07:58:59.281Z
1,16,40,979,2024-08-16T07:58:59.291Z
1,17,40,980,2024-08-16T07:58:59.301Z
1,17,38,979,2024-08-16T07:58:59.311Z
1,18,38,978,2024-08-16T07:58:59.321Z
1,17,38,980,2024-08-16T07:58:59.331Z
1,18,38,981,2024-08-16T07:58:59.341Z
1,18,40,980,2024-08-16T07:58:59.354Z
1,16,41,983,2024-08-16T07:58:59.364Z
1,17,40,979,2024-08-16T07:58:59.374Z
1,14,39,979,2024-08-16T07:58:59.384Z
1,19,40,978,2024-08-16T07:58:59.394Z
1,16,40,981,2024-08-16T07:58:59.404Z
1,17,40,979,2024-08-16T07:58:59.414Z
1,17,39,982,2024-08-16T07:58:59.424Z
1,17,39,980,2024-08-16T07:58:59.434Z
1,17,40,979,2024-08-16T07:58:59.444Z
1,17,37,979,2024-08-16T07:58:59.454Z
1,18,40,979,2024-08-16T07:58:59.464Z
1,17,41,979,2024-08-16T07:58:59.474Z
1,17,40,981,2024-08-16T07:58:59.522Z
1,18,39,980,2024-08-16T07:58:59.524Z
1,16,39,980,2024-08-16T07:58:59.534Z
1,17,39,979,2024-08-16T07:58:59.544Z
1,17,39,982,2024-08-16T07:58:59.554Z
1,17,39,979,2024-08-16T07:58:59.564Z
1,18,38,982,2024-08-16T07:58:59.574Z
1,17,39,978,2024-08-16T07:58:59.584Z
1,16,40,981,2024-08-16T07:58:59.594Z
1,18,40,977,2024-08-16T07:58:59.604Z
1,18,40,980,2024-08-16T07:58:59.614Z
1,18,40,979,2024-08-16T07:58:59.624Z
1,17,40,980,2024-08-16T07:58:59.649Z
1,16,40,979,2024-08-16T07:58:59.651Z
1,15,39,980,2024-08-16T07:58:59.662Z
1,16,39,978,2024-08-16T07:58:59.667Z
1,17,41,981,2024-08-16T07:58:59.681Z
1,17,40,978,2024-08-16T07:58:59.686Z
1,17,41,982,2024-08-16T07:58:59.698Z
1,17,39,977,2024-08-16T07:58:59.707Z
1,17,40,980,2024-08-16T07:58:59.720Z
1,16,38,978,2024-08-16T07:58:59.727Z
1,16,38,980,2024-08-16T07:58:59.737Z
1,16,39,980,2024-08-16T07:58:59.747Z
1,17,39,981,2024-08-16T07:58:59.757Z
1,16,38,979,2024-08-16T07:58:59.767Z
1,16,40,980,2024-08-16T07:58:59.784Z
1,16,40,979,2024-08-16T07:58:59.790Z
1,17,40,981,2024-08-16T07:58:59.800Z
1,17,41,980,2024-08-16T07:58:59.810Z
1,17,40,981,2024-08-16T07:58:59.819Z
1,17,39,979,2024-08-16T07:58:59.830Z
1,17,40,979,2024-08-16T07:58:59.839Z
1,17,41,982,2024-08-16T07:58:59.849Z
1,15,39,979,2024-08-16T07:58:59.860Z
1,18,39,979,2024-08-16T07:58:59.870Z
1,15,40,978,2024-08-16T07:58:59.880Z
1,17,39,980,2024-08-16T07:58:59.926Z
1,17,39,979,2024-08-16T07:58:59.930Z
1,17,41,983,2024-08-16T07:58:59.940Z
1,17,41,979,2024-08-16T07:58:59.950Z
1,15,40,978,2024-08-16T07:58:59.960Z
1,17,40,981,2024-08-16T07:58:59.970Z
1,18,40,980,2024-08-16T07:58:59.980Z
1,17,40,978,2024-08-16T07:58:59.990Z
1,17,40,979,2024-08-16T07:59:00.000Z
1,16,39,980,2024-08-16T07:59:00.010Z
1,18,38,980,2024-08-16T07:59:00.020Z
1,17,37,979,2024-08-16T07:59:00.030Z
1,17,39,982,2024-08-16T07:59:00.040Z
1,18,39,978,2024-08-16T07:59:00.050Z
1,16,40,981,2024-08-16T07:59:00.060Z
1,18,40,981,2024-08-16T07:59:00.074Z
1,16,40,980,2024-08-16T07:59:00.083Z
1,16,40,978,2024-08-16T07:59:00.093Z
1,16,40,981,2024-08-16T07:59:00.103Z
1,17,39,978,2024-08-16T07:59:00.113Z
1,18,39,982,2024-08-16T07:59:00.123Z
1,18,39,979,2024-08-16T07:59:00.133Z
1,16,39,980,2024-08-16T07:59:00.143Z
1,16,40,979,2024-08-16T07:59:00.153Z
1,16,38,979,2024-08-16T07:59:00.163Z
1,18,39,977,2024-08-16T07:59:00.173Z
1,16,38,980,2024-08-16T07:59:00.183Z
1,17,39,980,2024-08-16T07:59:00.193Z
1,16,38,981,2024-08-16T07:59:00.203Z
1,15,39,981,2024-08-16T07:59:00.216Z
1,15,40,982,2024-08-16T07:59:00.226Z
1,17,40,981,2024-08-16T07:59:00.235Z
1,17,40,982,2024-08-16T07:59:00.244Z
1,15,40,979,2024-08-16T07:59:00.255Z
1,17,40,977,2024-08-16T07:59:00.265Z
1,17,39,980,2024-08-16T07:59:00.275Z
1,15,38,981,2024-08-16T07:59:00.313Z
1,15,39,980,2024-08-16T07:59:00.322Z
1,17,40,981,2024-08-16T07:59:00.332Z
1,17,40,979,2024-08-16T07:59:00.342Z
1,18,39,981,2024-08-16T07:59:00.358Z
1,16,40,978,2024-08-16T07:59:00.364Z
1,17,40,982,2024-08-16T07:59:00.374Z
1,19,40,980,2024-08-16T07:59:00.384Z
1,18,40,979,2024-08-16T07:59:00.394Z
1,17,38,980,2024-08-16T07:59:00.404Z
1,17,39,978,2024-08-16T07:59:00.414Z
1,16,40,981,2024-08-16T07:59:00.424Z
1,18,37,978,2024-08-16T07:59:00.434Z
1,17,39,981,2024-08-16T07:59:00.444Z
1,16,39,979,2024-08-16T07:59:00.454Z
1,18,39,981,2024-08-16T07:59:00.464Z
1,17,39,979,2024-08-16T07:59:00.474Z
1,17,40,980,2024-08-16T07:59:00.484Z
1,17,40,978,2024-08-16T07:59:00.502Z
1,16,40,981,2024-08-16T07:59:00.507Z
1,16,40,980,2024-08-16T07:59:00.516Z
1,17,38,978,2024-08-16T07:59:00.526Z
1,16,39,978,2024-08-16T07:59:00.536Z
1,19,39,980,2024-08-16T07:59:00.546Z
1,18,39,979,2024-08-16T07:59:00.556Z
1,17,39,982,2024-08-16T07:59:00.566Z
1,17,39,976,2024-08-16T07:59:00.576Z
1,18,41,980,2024-08-16T07:59:00.585Z
1,19,40,980,2024-08-16T07:59:00.596Z
1,18,40,981,2024-08-16T07:59:00.606Z
1,16,39,978,2024-08-16T07:59:00.616Z
1,17,40,979,2024-08-16T07:59:00.626Z
1,16,39,981,2024-08-16T07:59:00.636Z
1,16,40,979,2024-08-16T07:59:00.651Z
1,16,40,982,2024-08-16T07:59:00.660Z
1,17,39,979,2024-08-16T07:59:00.671Z
1,15,39,977,2024-08-16T07:59:00.709Z
1,16,40,980,2024-08-16T07:59:00.718Z
1,17,39,981,2024-08-16T07:59:00.727Z
1,17,40,980,2024-08-16T07:59:00.737Z
1,16,39,979,2024-08-16T07:59:00.747Z
1,17,39,980,2024-08-16T07:59:00.757Z
1,17,38,981,2024-08-16T07:59:00.767Z
1,15,40,979,2024-08-16T07:59:00.777Z
1,17,39,980,2024-08-16T07:59:00.792Z
1,16,40,981,2024-08-16T07:59:00.799Z
1,16,40,980,2024-08-16T07:59:00.809Z
1,16,40,980,2024-08-16T07:59:00.819Z
1,17,39,979,2024-08-16T07:59:00.829Z
1,16,38,980,2024-08-16T07:59:00.839Z
1,16,39,979,2024-08-16T07:59:00.849Z
1,15,39,980,2024-08-16T07:59:00.859Z
1,17,39,978,2024-08-16T07:59:00.869Z
1,17,39,978,2024-08-16T07:59:00.879Z
1,16,40,980,2024-08-16T07:59:00.889Z
1,18,40,980,2024-08-16T07:59:00.899Z
1,18,39,980,2024-08-16T07:59:00.909Z
1,17,38,980,2024-08-16T07:59:00.919Z
1,17,40,981,2024-08-16T07:59:00.935Z
1,17,40,978,2024-08-16T07:59:00.942Z
1,16,40,980,2024-08-16T07:59:00.952Z
1,17,39,978,2024-08-16T07:59:00.962Z
1,17,39,981,2024-08-16T07:59:00.972Z
1,17,40,980,2024-08-16T07:59:00.982Z
1,18,38,979,2024-08-16T07:59:00.992Z
1,17,38,980,2024-08-16T07:59:01.002Z
1,18,40,981,2024-08-16T07:59:01.012Z
1,18,39,979,2024-08-16T07:59:01.022Z
1,19,38,981,2024-08-16T07:59:01.032Z
1,17,39,979,2024-08-16T07:59:01.042Z
1,18,38,979,2024-08-16T07:59:01.052Z
1,17,40,982,2024-08-16T07:59:01.062Z
1,17,40,978,2024-08-16T07:59:01.104Z
1,17,38,980,2024-08-16T07:59:01.113Z
1,16,40,980,2024-08-16T07:59:01.122Z
1,16,38,979,2024-08-16T07:59:01.132Z
1,18,39,981,2024-08-16T07:59:01.142Z
1,17,38,978,2024-08-16T07:59:01.154Z
1,16,39,980,2024-08-16T07:59:01.169Z
1,17,40,980,2024-08-16T07:59:01.173Z
1,18,38,978,2024-08-16T07:59:01.189Z
1,16,39,981,2024-08-16T07:59:01.192Z
1,18,40,980,2024-08-16T07:59:01.202Z
1,17,39,978,2024-08-16T07:59:01.212Z
1,17,41,979,2024-08-16T07:59:01.226Z
1,16,38,980,2024-08-16T07:59:01.236Z
1,16,40,979,2024-08-16T07:59:01.246Z
1,18,40,979,2024-08-16T07:59:01.255Z
1,16,41,979,2024-08-16T07:59:01.266Z
1,18,38,979,2024-08-16T07:59:01.276Z
1,19,38,981,2024-08-16T07:59:01.286Z
1,18,39,979,2024-08-16T07:59:01.296Z
1,16,39,980,2024-08-16T07:59:01.306Z
1,17,39,979,2024-08-16T07:59:01.316Z
1,16,39,981,2024-08-16T07:59:01.325Z
1,17,39,979,2024-08-16T07:59:01.335Z
1,17,38,980,2024-08-16T07:59:01.346Z
1,17,40,979,2024-08-16T07:59:01.356Z
1,16,39,981,2024-08-16T07:59:01.370Z
1,17,39,979,2024-08-16T07:59:01.380Z
1,18,40,979,2024-08-16T07:59:01.389Z
1,18,40,977,2024-08-16T07:59:01.400Z
1,17,39,979,2024-08-16T07:59:01.410Z
1,18,39,979,2024-08-16T07:59:01.420Z
1,17,38,981,2024-08-16T07:59:01.430Z
1,17,38,979,2024-08-16T07:59:01.440Z
1,16,38,982,2024-08-16T07:59:01.450Z
1,18,41,979,2024-08-16T07:59:01.460Z
1,17,40,980,2024-08-16T07:59:01.497Z
1,17,40,981,2024-08-16T07:59:01.511Z
1,16,37,980,2024-08-16T07:59:01.520Z
1,17,38,980,2024-08-16T07:59:01.530Z
1,17,38,980,2024-08-16T07:59:01.540Z
1,18,39,978,2024-08-16T07:59:01.550Z
1,17,38,979,2024-08-16T07:59:01.560Z
1,19,38,978,2024-08-16T07:59:01.570Z
1,16,38,979,2024-08-16T07:59:01.580Z
1,18,40,978,2024-08-16T07:59:01.590Z
1,17,39,980,2024-08-16T07:59:01.600Z
1,16,40,980,2024-08-16T07:59:01.610Z
1,17,41,979,2024-08-16T07:59:01.620Z
1,18,40,978,2024-08-16T07:59:01.629Z
1,16,39,980,2024-08-16T07:59:01.640Z
1,17,38,979,2024-08-16T07:59:01.654Z
1,17,37,982,2024-08-16T07:59:01.663Z
1,17,40,980,2024-08-16T07:59:01.673Z
1,18,41,981,2024-08-16T07:59:01.683Z
1,18,39,980,2024-08-16T07:59:01.693Z
1,16,39,980,2024-08-16T07:59:01.703Z
1,16,39,979,2024-08-16T07:59:01.713Z
1,17,38,979,2024-08-16T07:59:01.723Z
1,16,38,979,2024-08-16T07:59:01.733Z
1,18,38,979,2024-08-16T07:59:01.743Z
1,16,38,980,2024-08-16T07:59:01.753Z
1,16,39,980,2024-08-16T07:59:01.762Z
1,16,39,980,2024-08-16T07:59:01.772Z
1,17,38,979,2024-08-16T07:59:01.783Z
1,18,38,981,2024-08-16T07:59:01.798Z
1,17,40,981,2024-08-16T07:59:01.806Z
1,18,39,981,2024-08-16T07:59:01.816Z
1,16,39,981,2024-08-16T07:59:01.826Z
1,17,41,981,2024-08-16T07:59:01.836Z
1,16,40,980,2024-08-16T07:59:01.846Z
1,17,40,980,2024-08-16T07:59:01.856Z
1,18,40,978,2024-08-16T07:59:01.866Z
1,17,39,981,2024-08-16T07:59:01.904Z
1,17,39,979,2024-08-16T07:59:01.913Z
1,17,39,981,2024-08-16T07:59:01.922Z
1,16,38,979,2024-08-16T07:59:01.941Z
1,17,38,980,2024-08-16T07:59:01.946Z
1,15,38,981,2024-08-16T07:59:01.956Z
1,16,37,982,2024-08-16T07:59:01.966Z
1,16,39,980,2024-08-16T07:59:01.976Z
1,17,39,979,2024-08-16T07:59:01.986Z
1,16,38,979,2024-08-16T07:59:01.996Z
1,17,40,981,2024-08-16T07:59:02.006Z
1,19,39,976,2024-08-16T07:59:02.016Z
1,16,38,982,2024-08-16T07:59:02.026Z
1,18,39,976,2024-08-16T07:59:02.036Z
1,18,41,980,2024-08-16T07:59:02.046Z
1,18,40,980,2024-08-16T07:59:02.055Z
1,18,40,982,2024-08-16T07:59:02.066Z
1,18,39,977,2024-08-16T07:59:02.076Z
1,17,40,981,2024-08-16T07:59:02.090Z
1,17,40,978,2024-08-16T07:59:02.099Z
1,16,40,981,2024-08-16T07:59:02.109Z
1,16,39,980,2024-08-16T07:59:02.119Z
1,16,39,979,2024-08-16T07:59:02.129Z
1,17,38,978,2024-08-16T07:59:02.139Z
1,15,38,979,2024-08-16T07:59:02.148Z
1,15,38,979,2024-08-16T07:59:02.158Z
1,17,39,979,2024-08-16T07:59:02.168Z
1,17,40,979,2024-08-16T07:59:02.178Z
1,16,40,981,2024-08-16T07:59:02.188Z
1,18,39,980,2024-08-16T07:59:02.198Z
1,17,40,979,2024-08-16T07:59:02.209Z
1,16,41,980,2024-08-16T07:59:02.218Z
1,17,40,979,2024-08-16T07:59:02.233Z
1,18,40,981,2024-08-16T07:59:02.242Z
1,18,39,979,2024-08-16T07:59:02.252Z
1,17,40,980,2024-08-16T07:59:02.300Z
1,16,38,979,2024-08-16T07:59:02.309Z
1,16,39,978,2024-08-16T07:59:02.319Z
1,16,39,983,2024-08-16T07:59:02.329Z
1,17,38,979,2024-08-16T07:59:02.339Z
1,16,38,981,2024-08-16T07:59:02.348Z
1,17,40,978,2024-08-16T07:59:02.359Z
1,17,40,981,2024-08-16T07:59:02.373Z
1,17,40,977,2024-08-16T07:59:02.381Z
1,17,39,981,2024-08-16T07:59:02.392Z
1,17,40,978,2024-08-16T07:59:02.402Z
1,17,41,981,2024-08-16T07:59:02.412Z
1,18,39,980,2024-08-16T07:59:02.422Z
1,14,40,980,2024-08-16T07:59:02.432Z
1,18,40,977,2024-08-16T07:59:02.442Z
1,15,39,980,2024-08-16T07:59:02.451Z
1,18,40,978,2024-08-16T07:59:02.462Z
1,17,38,980,2024-08-16T07:59:02.472Z
1,19,39,980,2024-08-16T07:59:02.482Z
1,19,39,978,2024-08-16T07:59:02.492Z
1,17,39,980,2024-08-16T07:59:02.501Z
1,18,40,980,2024-08-16T07:59:02.517Z
1,16,39,980,2024-08-16T07:59:02.525Z
1,15,40,979,2024-08-16T07:59:02.535Z
1,17,39,979,2024-08-16T07:59:02.545Z
1,16,40,980,2024-08-16T07:59:02.555Z
1,17,40,981,2024-08-16T07:59:02.565Z
1,16,38,978,2024-08-16T07:59:02.575Z
1,16,40,981,2024-08-16T07:59:02.584Z
1,17,38,979,2024-08-16T07:59:02.594Z
1,16,38,979,2024-08-16T07:59:02.605Z
1,17,38,978,2024-08-16T07:59:02.614Z
1,19,40,981,2024-08-16T07:59:02.625Z
1,17,38,980,2024-08-16T07:59:02.635Z
1,18,40,980,2024-08-16T07:59:02.644Z
1,17,38,979,2024-08-16T07:59:02.662Z
1,16,37,980,2024-08-16T07:59:02.695Z
1,18,38,978,2024-08-16T07:59:02.705Z
1,14,40,980,2024-08-16T07:59:02.713Z
1,16,40,979,2024-08-16T07:59:02.724Z
1,17,40,980,2024-08-16T07:59:02.734Z
1,15,39,979,2024-08-16T07:59:02.744Z
1,15,40,978,2024-08-16T07:59:02.754Z
1,17,40,980,2024-08-16T07:59:02.764Z
1,16,40,980,2024-08-16T07:59:02.774Z
1,17,40,978,2024-08-16T07:59:02.783Z
1,16,39,979,2024-08-16T07:59:02.794Z
1,17,38,980,2024-08-16T07:59:02.807Z
1,18,39,980,2024-08-16T07:59:02.816Z
1,17,38,981,2024-08-16T07:59:02.826Z
1,18,40,979,2024-08-16T07:59:02.836Z
1,17,39,981,2024-08-16T07:59:02.846Z
1,18,39,978,2024-08-16T07:59:02.855Z
1,17,40,981,2024-08-16T07:59:02.866Z
1,17,40,980,2024-08-16T07:59:02.885Z
1,17,38,980,2024-08-16T07:59:02.896Z
1,18,38,981,2024-08-16T07:59:02.905Z
1,18,40,980,2024-08-16T07:59:02.916Z
1,17,40,980,2024-08-16T07:59:02.925Z
1,18,39,980,2024-08-16T07:59:02.935Z
1,17,40,977,2024-08-16T07:59:02.950Z
1,16,40,979,2024-08-16T07:59:02.959Z
1,17,38,980,2024-08-16T07:59:02.969Z
1,16,39,983,2024-08-16T07:59:02.979Z
1,18,39,983,2024-08-16T07:59:02.989Z
1,18,38,981,2024-08-16T07:59:02.999Z
1,19,38,979,2024-08-16T07:59:03.008Z
1,19,40,980,2024-08-16T07:59:03.018Z
1,19,40,978,2024-08-16T07:59:03.028Z
1,16,39,980,2024-08-16T07:59:03.039Z
1,16,40,980,2024-08-16T07:59:03.049Z
1,17,40,980,2024-08-16T07:59:03.093Z
1,17,40,982,2024-08-16T07:59:03.099Z
1,16,40,979,2024-08-16T07:59:03.109Z
1,17,39,980,2024-08-16T07:59:03.119Z
1,18,40,978,2024-08-16T07:59:03.129Z
1,17,39,980,2024-08-16T07:59:03.139Z
1,17,39,978,2024-08-16T07:59:03.149Z
1,17,39,980,2024-08-16T07:59:03.158Z
1,16,39,979,2024-08-16T07:59:03.169Z
1,17,39,981,2024-08-16T07:59:03.179Z
1,16,38,979,2024-08-16T07:59:03.189Z
1,16,39,980,2024-08-16T07:59:03.199Z
1,16,40,981,2024-08-16T07:59:03.208Z
1,17,38,979,2024-08-16T07:59:03.219Z
1,17,39,979,2024-08-16T07:59:03.237Z
1,14,40,980,2024-08-16T07:59:03.242Z
1,16,41,979,2024-08-16T07:59:03.252Z
1,17,39,980,2024-08-16T07:59:03.262Z
1,17,40,980,2024-08-16T07:59:03.271Z
1,17,38,979,2024-08-16T07:59:03.282Z
1,18,39,979,2024-08-16T07:59:03.291Z
1,17,38,978,2024-08-16T07:59:03.301Z
1,19,39,978,2024-08-16T07:59:03.311Z
1,17,39,980,2024-08-16T07:59:03.321Z
1,18,39,980,2024-08-16T07:59:03.331Z
1,16,39,979,2024-08-16T07:59:03.342Z
1,17,39,978,2024-08-16T07:59:03.351Z
1,15,40,980,2024-08-16T07:59:03.361Z
1,17,40,981,2024-08-16T07:59:03.371Z
1,16,39,980,2024-08-16T07:59:03.386Z
1,14,39,979,2024-08-16T07:59:03.396Z
1,16,40,979,2024-08-16T07:59:03.406Z
1,16,39,981,2024-08-16T07:59:03.415Z
1,16,38,980,2024-08-16T07:59:03.426Z
1,17,40,979,2024-08-16T07:59:03.435Z
1,17,38,979,2024-08-16T07:59:03.445Z
1,18,38,979,2024-08-16T07:59:03.455Z
1,16,39,981,2024-08-16T07:59:03.494Z
1,17,40,979,2024-08-16T07:59:03.502Z
1,18,40,979,2024-08-16T07:59:03.513Z
1,17,38,980,2024-08-16T07:59:03.528Z
1,17,40,978,2024-08-16T07:59:03.537Z
1,16,38,982,2024-08-16T07:59:03.546Z
1,18,39,981,2024-08-16T07:59:03.557Z
1,18,41,979,2024-08-16T07:59:03.567Z
1,16,38,981,2024-08-16T07:59:03.577Z
1,16,39,981,2024-08-16T07:59:03.586Z
1,17,39,980,2024-08-16T07:59:03.597Z
1,18,39,980,2024-08-16T07:59:03.607Z
1,15,38,979,2024-08-16T07:59:03.617Z
1,16,38,981,2024-08-16T07:59:03.626Z
1,17,39,978,2024-08-16T07:59:03.637Z
1,16,40,980,2024-08-16T07:59:03.647Z
1,17,40,980,2024-08-16T07:59:03.657Z
1,18,39,979,2024-08-16T07:59:03.670Z
1,17,39,980,2024-08-16T07:59:03.679Z
1,16,39,980,2024-08-16T07:59:03.690Z
1,17,39,976,2024-08-16T07:59:03.699Z
1,17,41,983,2024-08-16T07:59:03.709Z
1,17,40,980,2024-08-16T07:59:03.720Z
1,17,38,979,2024-08-16T07:59:03.730Z
1,17,39,980,2024-08-16T07:59:03.739Z
1,18,40,978,2024-08-16T07:59:03.749Z
1,16,38,977,2024-08-16T07:59:03.760Z
1,16,39,979,2024-08-16T07:59:03.769Z
1,17,40,979,2024-08-16T07:59:03.780Z
1,15,39,979,2024-08-16T07:59:03.790Z
1,16,40,979,2024-08-16T07:59:03.800Z
1,16,41,978,2024-08-16T07:59:03.814Z
1,17,41,979,2024-08-16T07:59:03.822Z
1,17,39,979,2024-08-16T07:59:03.832Z
1,16,40,981,2024-08-16T07:59:03.842Z
1,17,40,978,2024-08-16T07:59:03.853Z
1,17,39,980,2024-08-16T07:59:03.890Z
1,17,38,978,2024-08-16T07:59:03.899Z
1,15,40,979,2024-08-16T07:59:03.909Z
1,18,40,978,2024-08-16T07:59:03.918Z
1,16,39,979,2024-08-16T07:59:03.928Z
1,17,40,982,2024-08-16T07:59:03.938Z
1,18,40,978,2024-08-16T07:59:03.948Z
1,17,39,979,2024-08-16T07:59:03.962Z
1,16,40,980,2024-08-16T07:59:03.972Z
1,17,40,978,2024-08-16T07:59:03.982Z
1,17,39,981,2024-08-16T07:59:03.991Z
1,16,38,982,2024-08-16T07:59:04.002Z
1,18,36,979,2024-08-16T07:59:04.011Z
1,18,39,979,2024-08-16T07:59:04.022Z
1,16,39,979,2024-08-16T07:59:04.031Z
1,16,38,980,2024-08-16T07:59:04.042Z
1,17,39,981,2024-08-16T07:59:04.052Z
1,16,40,980,2024-08-16T07:59:04.062Z
1,16,40,980,2024-08-16T07:59:04.072Z
1,17,40,979,2024-08-16T07:59:04.082Z
1,19,39,979,2024-08-16T07:59:04.091Z
1,18,40,980,2024-08-16T07:59:04.105Z
1,17,40,981,2024-08-16T07:59:04.115Z
1,17,40,981,2024-08-16T07:59:04.126Z
1,19,40,978,2024-08-16T07:59:04.135Z
1,18,38,978,2024-08-16T07:59:04.146Z
1,17,39,980,2024-08-16T07:59:04.155Z
1,16,39,980,2024-08-16T07:59:04.165Z
1,16,39,980,2024-08-16T07:59:04.176Z
1,17,38,978,2024-08-16T07:59:04.196Z
1,15,40,980,2024-08-16T07:59:04.206Z
1,17,39,978,2024-08-16T07:59:04.216Z
1,18,40,979,2024-08-16T07:59:04.230Z
1,18,39,977,2024-08-16T07:59:04.235Z
1,17,40,981,2024-08-16T07:59:04.265Z
1,18,38,980,2024-08-16T07:59:04.287Z
1,17,38,978,2024-08-16T07:59:04.296Z
1,18,38,981,2024-08-16T07:59:04.305Z
1,18,40,979,2024-08-16T07:59:04.316Z
1,18,39,981,2024-08-16T07:59:04.325Z
1,19,39,978,2024-08-16T07:59:04.336Z
1,18,42,979,2024-08-16T07:59:04.345Z
1,16,41,978,2024-08-16T07:59:04.356Z
1,15,40,979,2024-08-16T07:59:04.365Z
1,17,39,977,2024-08-16T07:59:04.375Z
1,16,39,980,2024-08-16T07:59:04.391Z
1,16,39,979,2024-08-16T07:59:04.399Z
1,16,40,979,2024-08-16T07:59:04.409Z
1,16,39,980,2024-08-16T07:59:04.419Z
1,16,38,982,2024-08-16T07:59:04.428Z
1,16,39,982,2024-08-16T07:59:04.440Z
1,16,39,977,2024-08-16T07:59:04.449Z
1,15,41,978,2024-08-16T07:59:04.459Z
1,17,39,980,2024-08-16T07:59:04.468Z
1,18,38,978,2024-08-16T07:59:04.478Z
1,16,39,977,2024-08-16T07:59:04.488Z
1,16,39,978,2024-08-16T07:59:04.499Z
1,19,38,979,2024-08-16T07:59:04.508Z
1,17,39,979,2024-08-16T07:59:04.519Z
1,17,39,980,2024-08-16T07:59:04.533Z
1,17,39,979,2024-08-16T07:59:04.542Z
1,18,40,977,2024-08-16T07:59:04.551Z
1,17,40,980,2024-08-16T07:59:04.561Z
1,17,39,979,2024-08-16T07:59:04.571Z
1,16,40,980,2024-08-16T07:59:04.582Z
1,16,39,982,2024-08-16T07:59:04.592Z
1,16,38,980,2024-08-16T07:59:04.601Z
1,18,38,978,2024-08-16T07:59:04.612Z
1,15,39,980,2024-08-16T07:59:04.622Z
1,18,39,979,2024-08-16T07:59:04.631Z
1,17,40,978,2024-08-16T07:59:04.642Z
1,16,40,981,2024-08-16T07:59:04.686Z
1,16,40,982,2024-08-16T07:59:04.692Z
1,16,38,980,2024-08-16T07:59:04.702Z
1,17,40,980,2024-08-16T07:59:04.711Z
1,17,40,981,2024-08-16T07:59:04.722Z
1,17,39,980,2024-08-16T07:59:04.732Z
1,18,40,978,2024-08-16T07:59:04.741Z
1,17,40,981,2024-08-16T07:59:04.751Z
1,18,40,978,2024-08-16T07:59:04.761Z
1,18,40,978,2024-08-16T07:59:04.772Z
1,17,39,979,2024-08-16T07:59:04.782Z
1,17,38,979,2024-08-16T07:59:04.792Z
1,17,39,979,2024-08-16T07:59:04.811Z
1,17,38,978,2024-08-16T07:59:04.826Z
1,15,39,980,2024-08-16T07:59:04.836Z
1,16,40,978,2024-08-16T07:59:04.846Z
1,16,38,982,2024-08-16T07:59:04.855Z
1,16,40,976,2024-08-16T07:59:04.866Z
1,16,40,981,2024-08-16T07:59:04.875Z
1,17,40,978,2024-08-16T07:59:04.885Z
1,16,38,980,2024-08-16T07:59:04.895Z
1,18,40,980,2024-08-16T07:59:04.905Z
1,18,40,981,2024-08-16T07:59:04.916Z
1,18,39,979,2024-08-16T07:59:04.925Z
1,18,38,980,2024-08-16T07:59:04.935Z
1,18,41,982,2024-08-16T07:59:04.945Z
1,17,39,978,2024-08-16T07:59:04.956Z
1,19,41,981,2024-08-16T07:59:04.969Z
1,17,39,979,2024-08-16T07:59:04.978Z
1,16,40,979,2024-08-16T07:59:04.989Z
1,17,40,980,2024-08-16T07:59:04.998Z
1,15,39,980,2024-08-16T07:59:05.009Z
1,19,39,979,2024-08-16T07:59:05.018Z
1,16,38,980,2024-08-16T07:59:05.028Z
1,17,39,978,2024-08-16T07:59:05.038Z
1,15,41,979,2024-08-16T07:59:05.049Z
1,19,39,979,2024-08-16T07:59:05.086Z
1,16,38,983,2024-08-16T07:59:05.095Z
1,19,39,980,2024-08-16T07:59:05.109Z
1,17,38,980,2024-08-16T07:59:05.118Z
1,18,39,979,2024-08-16T07:59:05.127Z
1,18,40,979,2024-08-16T07:59:05.137Z
1,18,40,978,2024-08-16T07:59:05.148Z
1,18,39,980,2024-08-16T07:59:05.158Z
1,17,39,979,2024-08-16T07:59:05.167Z
1,17,38,978,2024-08-16T07:59:05.178Z
1,16,38,979,2024-08-16T07:59:05.188Z
1,17,38,980,2024-08-16T07:59:05.198Z
1,18,37,978,2024-08-16T07:59:05.207Z
1,17,39,980,2024-08-16T07:59:05.218Z
1,16,40,980,2024-08-16T07:59:05.227Z
1,17,38,980,2024-08-16T07:59:05.238Z
1,16,39,979,2024-08-16T07:59:05.253Z
1,16,39,980,2024-08-16T07:59:05.261Z
1,17,40,979,2024-08-16T07:59:05.270Z
1,18,41,980,2024-08-16T07:59:05.281Z
1,16,39,979,2024-08-16T07:59:05.291Z
1,17,38,980,2024-08-16T07:59:05.301Z
1,17,38,980,2024-08-16T07:59:05.311Z
1,18,38,980,2024-08-16T07:59:05.320Z
1,16,40,979,2024-08-16T07:59:05.330Z
1,15,40,978,2024-08-16T07:59:05.341Z
1,17,38,977,2024-08-16T07:59:05.351Z
1,17,40,980,2024-08-16T07:59:05.360Z
1,18,41,979,2024-08-16T07:59:05.371Z
1,17,39,979,2024-08-16T07:59:05.381Z
1,17,38,981,2024-08-16T07:59:05.398Z
1,18,40,978,2024-08-16T07:59:05.403Z
1,16,39,978,2024-08-16T07:59:05.414Z
1,16,39,980,2024-08-16T07:59:05.423Z
1,17,39,979,2024-08-16T07:59:05.433Z
1,16,37,980,2024-08-16T07:59:05.444Z
1,18,40,980,2024-08-16T07:59:05.481Z
1,15,39,980,2024-08-16T07:59:05.490Z
1,17,40,978,2024-08-16T07:59:05.499Z
1,16,40,979,2024-08-16T07:59:05.510Z
1,15,38,979,2024-08-16T07:59:05.520Z
1,17,38,979,2024-08-16T07:59:05.529Z
1,18,39,979,2024-08-16T07:59:05.544Z
1,16,40,979,2024-08-16T07:59:05.553Z
1,16,40,980,2024-08-16T07:59:05.563Z
1,18,41,980,2024-08-16T07:59:05.572Z
1,17,40,978,2024-08-16T07:59:05.583Z
1,16,40,981,2024-08-16T07:59:05.593Z
1,16,39,978,2024-08-16T07:59:05.603Z
1,16,40,980,2024-08-16T07:59:05.612Z
1,18,40,980,2024-08-16T07:59:05.622Z
1,18,40,981,2024-08-16T07:59:05.633Z
1,15,37,977,2024-08-16T07:59:05.642Z
1,17,38,981,2024-08-16T07:59:05.653Z
1,18,39,979,2024-08-16T07:59:05.662Z
1,16,38,978,2024-08-16T07:59:05.672Z
1,16,38,978,2024-08-16T07:59:05.687Z
1,17,39,981,2024-08-16T07:59:05.696Z
1,17,40,980,2024-08-16T07:59:05.706Z
1,17,40,979,2024-08-16T07:59:05.715Z
1,17,40,981,2024-08-16T07:59:05.726Z
1,17,39,979,2024-08-16T07:59:05.735Z
1,17,40,980,2024-08-16T07:59:05.745Z
1,17,39,979,2024-08-16T07:59:05.755Z
1,17,38,980,2024-08-16T07:59:05.765Z
1,17,38,978,2024-08-16T07:59:05.776Z
1,16,40,979,2024-08-16T07:59:05.785Z
1,16,39,979,2024-08-16T07:59:05.796Z
1,18,39,982,2024-08-16T07:59:05.805Z
1,16,39,979,2024-08-16T07:59:05.816Z
1,17,39,980,2024-08-16T07:59:05.833Z
1,16,39,978,2024-08-16T07:59:05.839Z
1,18,40,980,2024-08-16T07:59:05.876Z
1,18,39,980,2024-08-16T07:59:05.885Z
1,17,40,977,2024-08-16T07:59:05.896Z
1,17,38,980,2024-08-16T07:59:05.906Z
1,18,39,978,2024-08-16T07:59:05.916Z
1,15,40,979,2024-08-16T07:59:05.926Z
1,17,39,980,2024-08-16T07:59:05.936Z
1,17,39,982,2024-08-16T07:59:05.945Z
1,18,39,981,2024-08-16T07:59:05.955Z
1,18,39,979,2024-08-16T07:59:05.974Z
1,18,41,979,2024-08-16T07:59:05.979Z
1,16,41,978,2024-08-16T07:59:05.988Z
1,19,40,980,2024-08-16T07:59:05.998Z
1,19,40,977,2024-08-16T07:59:06.008Z
1,17,40,981,2024-08-16T07:59:06.019Z
1,18,40,980,2024-08-16T07:59:06.028Z
1,17,39,980,2024-08-16T07:59:06.038Z
1,17,40,978,2024-08-16T07:59:06.048Z
1,17,40,980,2024-08-16T07:59:06.058Z
1,17,39,978,2024-08-16T07:59:06.069Z
1,16,40,978,2024-08-16T07:59:06.078Z
1,18,39,980,2024-08-16T07:59:06.088Z
1,16,40,978,2024-08-16T07:59:06.098Z
1,17,39,979,2024-08-16T07:59:06.108Z
1,16,40,983,2024-08-16T07:59:06.122Z
1,16,39,977,2024-08-16T07:59:06.132Z
1,15,39,980,2024-08-16T07:59:06.142Z
1,19,40,980,2024-08-16T07:59:06.152Z
1,18,39,980,2024-08-16T07:59:06.162Z
1,16,39,978,2024-08-16T07:59:06.171Z
1,17,40,981,2024-08-16T07:59:06.181Z
1,17,39,979,2024-08-16T07:59:06.192Z
1,16,40,978,2024-08-16T07:59:06.201Z
1,17,40,981,2024-08-16T07:59:06.212Z
1,18,40,978,2024-08-16T07:59:06.221Z
1,17,39,979,2024-08-16T07:59:06.231Z
1,18,37,979,2024-08-16T07:59:06.276Z
1,17,40,979,2024-08-16T07:59:06.282Z
1,17,40,979,2024-08-16T07:59:06.292Z
1,17,39,978,2024-08-16T07:59:06.301Z
1,17,39,980,2024-08-16T07:59:06.312Z
1,16,38,979,2024-08-16T07:59:06.321Z
1,17,39,981,2024-08-16T07:59:06.331Z
1,17,39,980,2024-08-16T07:59:06.341Z
1,15,39,981,2024-08-16T07:59:06.352Z
1,16,39,978,2024-08-16T07:59:06.362Z
1,17,39,979,2024-08-16T07:59:06.372Z
1,16,39,979,2024-08-16T07:59:06.381Z
1,17,39,980,2024-08-16T07:59:06.392Z
1,18,37,979,2024-08-16T07:59:06.407Z
1,18,38,979,2024-08-16T07:59:06.416Z
1,18,40,978,2024-08-16T07:59:06.425Z
1,17,39,982,2024-08-16T07:59:06.435Z
1,18,39,978,2024-08-16T07:59:06.446Z
1,17,39,980,2024-08-16T07:59:06.456Z
1,17,39,981,2024-08-16T07:59:06.466Z
1,17,40,980,2024-08-16T07:59:06.476Z
1,18,40,979,2024-08-16T07:59:06.485Z
1,16,39,979,2024-08-16T07:59:06.496Z
1,16,39,978,2024-08-16T07:59:06.505Z
1,16,37,978,2024-08-16T07:59:06.515Z
1,16,39,978,2024-08-16T07:59:06.525Z
1,16,38,979,2024-08-16T07:59:06.536Z
1,16,39,980,2024-08-16T07:59:06.549Z
1,18,39,980,2024-08-16T07:59:06.558Z
1,17,38,980,2024-08-16T07:59:06.567Z
1,17,40,980,2024-08-16T07:59:06.577Z
1,18,40,980,2024-08-16T07:59:06.587Z
1,17,39,979,2024-08-16T07:59:06.597Z
1,16,40,978,2024-08-16T07:59:06.607Z
1,16,41,980,2024-08-16T07:59:06.617Z
1,18,40,978,2024-08-16T07:59:06.627Z
1,18,39,977,2024-08-16T07:59:06.638Z
1,16,38,978,2024-08-16T07:59:06.675Z
1,16,41,981,2024-08-16T07:59:06.684Z
1,16,39,978,2024-08-16T07:59:06.698Z
1,16,39,980,2024-08-16T07:59:06.707Z
1,16,39,979,2024-08-16T07:59:06.718Z
1,15,40,982,2024-08-16T07:59:06.727Z
1,17,38,979,2024-08-16T07:59:06.738Z
1,17,40,981,2024-08-16T07:59:06.747Z
1,16,39,979,2024-08-16T07:59:06.757Z
1,15,39,979,2024-08-16T07:59:06.768Z
1,18,38,978,2024-08-16T07:59:06.777Z
1,17,37,978,2024-08-16T07:59:06.788Z
1,17,39,978,2024-08-16T07:59:06.798Z
1,15,38,981,2024-08-16T07:59:06.807Z
1,16,37,979,2024-08-16T07:59:06.817Z
1,19,40,981,2024-08-16T07:59:06.827Z
1,19,39,978,2024-08-16T07:59:06.841Z
1,18,40,978,2024-08-16T07:59:06.851Z
1,17,39,979,2024-08-16T07:59:06.861Z
1,16,40,981,2024-08-16T07:59:06.872Z
1,16,40,979,2024-08-16T07:59:06.882Z
1,16,40,980,2024-08-16T07:59:06.891Z
1,17,40,979,2024-08-16T07:59:06.902Z
1,18,40,980,2024-08-16T07:59:06.912Z
1,17,39,978,2024-08-16T07:59:06.922Z
1,16,40,981,2024-08-16T07:59:06.932Z
1,16,41,978,2024-08-16T07:59:06.941Z
1,16,40,980,2024-08-16T07:59:06.951Z
1,18,38,978,2024-08-16T07:59:06.961Z
1,16,38,980,2024-08-16T07:59:06.971Z
1,18,39,979,2024-08-16T07:59:06.985Z
1,17,38,979,2024-08-16T07:59:06.995Z
1,17,39,978,2024-08-16T07:59:07.006Z
1,15,40,980,2024-08-16T07:59:07.015Z
1,17,40,976,2024-08-16T07:59:07.026Z
1,17,40,979,2024-08-16T07:59:07.035Z
1,16,41,978,2024-08-16T07:59:07.074Z
1,17,39,979,2024-08-16T07:59:07.083Z
1,16,39,979,2024-08-16T07:59:07.093Z
1,17,39,980,2024-08-16T07:59:07.103Z
1,18,40,979,2024-08-16T07:59:07.112Z
1,16,38,980,2024-08-16T07:59:07.127Z
1,18,40,980,2024-08-16T07:59:07.136Z
1,15,40,979,2024-08-16T07:59:07.145Z
1,16,39,980,2024-08-16T07:59:07.155Z
1,16,38,978,2024-08-16T07:59:07.166Z
1,16,40,979,2024-08-16T07:59:07.176Z
1,17,38,979,2024-08-16T07:59:07.185Z
1,15,38,979,2024-08-16T07:59:07.196Z
1,16,40,979,2024-08-16T07:59:07.205Z
1,16,40,978,2024-08-16T07:59:07.215Z
1,17,40,979,2024-08-16T07:59:07.225Z
1,16,40,979,2024-08-16T07:59:07.236Z
1,16,38,979,2024-08-16T07:59:07.245Z
1,16,39,980,2024-08-16T07:59:07.255Z
1,18,39,980,2024-08-16T07:59:07.270Z
1,18,40,980,2024-08-16T07:59:07.279Z
1,18,39,978,2024-08-16T07:59:07.288Z
1,17,38,979,2024-08-16T07:59:07.298Z
1,17,41,981,2024-08-16T07:59:07.308Z
1,18,39,978,2024-08-16T07:59:07.318Z
1,16,39,980,2024-08-16T07:59:07.328Z
1,16,40,979,2024-08-16T07:59:07.338Z
1,16,40,980,2024-08-16T07:59:07.348Z
1,16,40,980,2024-08-16T07:59:07.359Z
1,16,39,981,2024-08-16T07:59:07.368Z
1,16,38,977,2024-08-16T07:59:07.378Z
1,16,39,981,2024-08-16T07:59:07.388Z
1,16,39,979,2024-08-16T07:59:07.398Z
1,17,40,980,2024-08-16T07:59:07.413Z
1,17,40,979,2024-08-16T07:59:07.422Z
1,16,39,981,2024-08-16T07:59:07.432Z
1,16,38,979,2024-08-16T07:59:07.469Z
1,17,40,977,2024-08-16T07:59:07.478Z
1,18,39,979,2024-08-16T07:59:07.488Z
1,18,40,978,2024-08-16T07:59:07.498Z
1,18,40,979,2024-08-16T07:59:07.509Z
1,17,40,980,2024-08-16T07:59:07.518Z
1,17,39,979,2024-08-16T07:59:07.528Z
1,15,40,981,2024-08-16T07:59:07.538Z
1,17,40,979,2024-08-16T07:59:07.548Z
1,16,38,979,2024-08-16T07:59:07.562Z
1,17,39,980,2024-08-16T07:59:07.571Z
1,17,37,979,2024-08-16T07:59:07.581Z
1,16,39,978,2024-08-16T07:59:07.591Z
1,18,38,980,2024-08-16T07:59:07.601Z
1,17,39,978,2024-08-16T07:59:07.611Z
1,17,39,981,2024-08-16T07:59:07.621Z
1,18,41,980,2024-08-16T07:59:07.631Z
1,18,39,979,2024-08-16T07:59:07.641Z
1,17,40,980,2024-08-16T07:59:07.652Z
1,16,39,978,2024-08-16T07:59:07.661Z
1,17,38,980,2024-08-16T07:59:07.671Z
1,17,39,979,2024-08-16T07:59:07.681Z
1,16,39,981,2024-08-16T07:59:07.691Z
1,16,40,978,2024-08-16T07:59:07.705Z
1,18,40,978,2024-08-16T07:59:07.715Z
1,17,40,982,2024-08-16T07:59:07.725Z
1,17,39,981,2024-08-16T07:59:07.735Z
1,17,38,979,2024-08-16T07:59:07.746Z
1,16,38,979,2024-08-16T07:59:07.755Z
1,17,38,979,2024-08-16T07:59:07.766Z
1,16,38,980,2024-08-16T07:59:07.775Z
1,17,38,980,2024-08-16T07:59:07.785Z
1,15,40,980,2024-08-16T07:59:07.796Z
1,16,39,979,2024-08-16T07:59:07.805Z
1,17,39,981,2024-08-16T07:59:07.815Z
1,17,39,979,2024-08-16T07:59:07.825Z
1,18,39,980,2024-08-16T07:59:07.869Z
1,18,40,981,2024-08-16T07:59:07.876Z
1,17,40,978,2024-08-16T07:59:07.886Z
1,17,39,980,2024-08-16T07:59:07.895Z
1,17,40,979,2024-08-16T07:59:07.905Z
1,17,40,980,2024-08-16T07:59:07.915Z
1,18,40,980,2024-08-16T07:59:07.925Z
1,17,39,980,2024-08-16T07:59:07.936Z
1,17,39,978,2024-08-16T07:59:07.945Z
1,16,39,980,2024-08-16T07:59:07.955Z
1,17,41,980,2024-08-16T07:59:07.965Z
1,17,39,980,2024-08-16T07:59:07.975Z
1,17,38,980,2024-08-16T07:59:07.990Z
1,17,39,979,2024-08-16T07:59:07.998Z
1,15,39,978,2024-08-16T07:59:08.008Z
1,16,40,978,2024-08-16T07:59:08.018Z
1,17,39,978,2024-08-16T07:59:08.028Z
1,19,39,978,2024-08-16T07:59:08.038Z
1,17,40,980,2024-08-16T07:59:08.048Z
1,16,38,979,2024-08-16T07:59:08.058Z
1,16,39,979,2024-08-16T07:59:08.068Z
1,17,38,980,2024-08-16T07:59:08.078Z
1,17,39,981,2024-08-16T07:59:08.089Z
1,16,38,980,2024-08-16T07:59:08.098Z
1,16,40,978,2024-08-16T07:59:08.108Z
1,16,40,979,2024-08-16T07:59:08.118Z
1,16,39,980,2024-08-16T07:59:08.133Z
1,18,40,979,2024-08-16T07:59:08.141Z
1,16,39,978,2024-08-16T07:59:08.151Z
1,16,39,977,2024-08-16T07:59:08.161Z
1,18,40,979,2024-08-16T07:59:08.171Z
1,18,39,981,2024-08-16T07:59:08.181Z
1,17,38,980,2024-08-16T07:59:08.191Z
1,16,38,979,2024-08-16T07:59:08.201Z
1,18,39,979,2024-08-16T07:59:08.211Z
1,17,39,981,2024-08-16T07:59:08.222Z
1,16,39,979,2024-08-16T07:59:08.259Z
1,18,40,978,2024-08-16T07:59:08.268Z
1,17,42,981,2024-08-16T07:59:08.281Z
1,17,39,978,2024-08-16T07:59:08.291Z
1,17,38,980,2024-08-16T07:59:08.301Z
1,16,39,979,2024-08-16T07:59:08.311Z
1,18,40,980,2024-08-16T07:59:08.322Z
1,18,40,978,2024-08-16T07:59:08.331Z
1,15,39,981,2024-08-16T07:59:08.341Z
1,17,39,976,2024-08-16T07:59:08.351Z
1,17,39,979,2024-08-16T07:59:08.361Z
1,16,39,980,2024-08-16T07:59:08.372Z
1,16,39,980,2024-08-16T07:59:08.382Z
1,15,38,977,2024-08-16T07:59:08.391Z
1,17,39,981,2024-08-16T07:59:08.401Z
1,18,40,977,2024-08-16T07:59:08.412Z
1,17,39,980,2024-08-16T07:59:08.426Z
1,19,40,978,2024-08-16T07:59:08.435Z
1,17,39,980,2024-08-16T07:59:08.445Z
1,17,39,978,2024-08-16T07:59:08.455Z
1,17,41,979,2024-08-16T07:59:08.465Z
1,17,40,978,2024-08-16T07:59:08.475Z
1,17,38,979,2024-08-16T07:59:08.485Z
1,17,40,981,2024-08-16T07:59:08.495Z
1,18,39,980,2024-08-16T07:59:08.505Z
1,18,40,980,2024-08-16T07:59:08.515Z
1,17,39,981,2024-08-16T07:59:08.525Z
1,17,40,980,2024-08-16T07:59:08.535Z
1,17,40,979,2024-08-16T07:59:08.545Z
1,18,40,981,2024-08-16T07:59:08.555Z
1,17,39,978,2024-08-16T07:59:08.570Z
1,15,37,981,2024-08-16T07:59:08.579Z
1,17,39,978,2024-08-16T07:59:08.589Z
1,16,39,979,2024-08-16T07:59:08.599Z
1,17,40,979,2024-08-16T07:59:08.609Z
1,17,40,979,2024-08-16T07:59:08.620Z
1,16,39,977,2024-08-16T07:59:08.629Z
1,16,39,979,2024-08-16T07:59:08.667Z
1,18,39,978,2024-08-16T07:59:08.676Z
1,18,38,979,2024-08-16T07:59:08.686Z
1,18,39,978,2024-08-16T07:59:08.696Z
1,16,40,980,2024-08-16T07:59:08.710Z
1,17,39,978,2024-08-16T07:59:08.719Z
1,18,39,979,2024-08-16T07:59:08.729Z
1,17,39,980,2024-08-16T07:59:08.739Z
1,18,40,978,2024-08-16T07:59:08.750Z
1,17,39,978,2024-08-16T07:59:08.759Z
1,17,39,980,2024-08-16T07:59:08.769Z
1,16,38,977,2024-08-16T07:59:08.779Z
1,19,39,981,2024-08-16T07:59:08.789Z
1,16,38,980,2024-08-16T07:59:08.800Z
1,17,39,980,2024-08-16T07:59:08.809Z
1,16,40,979,2024-08-16T07:59:08.819Z
1,16,39,979,2024-08-16T07:59:08.830Z
1,17,39,978,2024-08-16T07:59:08.839Z
1,16,38,982,2024-08-16T07:59:08.854Z
1,17,39,978,2024-08-16T07:59:08.863Z
1,16,40,982,2024-08-16T07:59:08.872Z
1,19,39,978,2024-08-16T07:59:08.882Z
1,17,38,980,2024-08-16T07:59:08.892Z
1,16,40,979,2024-08-16T07:59:08.902Z
1,17,40,979,2024-08-16T07:59:08.912Z
1,17,39,979,2024-08-16T07:59:08.922Z
1,16,40,980,2024-08-16T07:59:08.932Z
1,17,40,976,2024-08-16T07:59:08.943Z
1,16,39,981,2024-08-16T07:59:08.952Z
1,17,39,979,2024-08-16T07:59:08.962Z
1,16,39,978,2024-08-16T07:59:08.972Z
1,17,40,980,2024-08-16T07:59:08.982Z
1,18,40,979,2024-08-16T07:59:08.998Z
1,17,39,979,2024-08-16T07:59:09.005Z
1,17,40,978,2024-08-16T07:59:09.015Z
1,16,38,978,2024-08-16T07:59:09.025Z
1,16,39,981,2024-08-16T07:59:09.063Z
1,16,38,978,2024-08-16T07:59:09.073Z
1,18,39,980,2024-08-16T07:59:09.082Z
1,19,38,978,2024-08-16T07:59:09.093Z
1,16,39,979,2024-08-16T07:59:09.102Z
1,18,40,979,2024-08-16T07:59:09.112Z
1,17,40,981,2024-08-16T07:59:09.122Z
1,17,40,979,2024-08-16T07:59:09.132Z
1,17,37,980,2024-08-16T07:59:09.145Z
1,17,40,979,2024-08-16T07:59:09.155Z
1,16,38,979,2024-08-16T07:59:09.165Z
1,17,40,977,2024-08-16T07:59:09.175Z
1,16,38,978,2024-08-16T07:59:09.185Z
1,16,39,979,2024-08-16T07:59:09.195Z
1,17,39,979,2024-08-16T07:59:09.205Z
1,16,40,981,2024-08-16T07:59:09.215Z
1,16,40,978,2024-08-16T07:59:09.225Z
1,18,40,979,2024-08-16T07:59:09.236Z
1,16,39,979,2024-08-16T07:59:09.245Z
1,16,40,978,2024-08-16T07:59:09.256Z
1,18,39,979,2024-08-16T07:59:09.265Z
1,17,39,981,2024-08-16T07:59:09.275Z
1,16,39,980,2024-08-16T07:59:09.291Z
1,17,40,982,2024-08-16T07:59:09.300Z
1,18,41,977,2024-08-16T07:59:09.311Z
1,17,39,981,2024-08-16T07:59:09.321Z
1,16,39,979,2024-08-16T07:59:09.331Z
1,17,39,979,2024-08-16T07:59:09.340Z
1,15,39,979,2024-08-16T07:59:09.351Z
1,17,41,980,2024-08-16T07:59:09.360Z
1,15,39,977,2024-08-16T07:59:09.370Z
1,16,39,980,2024-08-16T07:59:09.381Z
1,18,38,980,2024-08-16T07:59:09.390Z
1,18,40,979,2024-08-16T07:59:09.400Z
1,17,38,977,2024-08-16T07:59:09.410Z
1,16,39,980,2024-08-16T07:59:09.420Z
1,17,39,979,2024-08-16T07:59:09.461Z
1,18,40,980,2024-08-16T07:59:09.470Z
1,17,40,979,2024-08-16T07:59:09.479Z
1,15,40,980,2024-08-16T07:59:09.489Z
1,17,40,978,2024-08-16T07:59:09.499Z
1,16,37,981,2024-08-16T07:59:09.510Z
1,17,39,977,2024-08-16T07:59:09.520Z
1,18,39,977,2024-08-16T07:59:09.529Z
1,18,39,980,2024-08-16T07:59:09.539Z
1,20,40,979,2024-08-16T07:59:09.549Z
1,17,39,978,2024-08-16T07:59:09.559Z
1,18,39,982,2024-08-16T07:59:09.573Z
1,17,39,979,2024-08-16T07:59:09.582Z
1,17,39,978,2024-08-16T07:59:09.592Z
1,17,38,980,2024-08-16T07:59:09.603Z
1,18,39,981,2024-08-16T07:59:09.612Z
1,15,38,979,2024-08-16T07:59:09.622Z
1,16,39,977,2024-08-16T07:59:09.633Z
1,17,40,982,2024-08-16T07:59:09.642Z
1,16,38,978,2024-08-16T07:59:09.652Z
1,18,39,980,2024-08-16T07:59:09.663Z
1,16,40,979,2024-08-16T07:59:09.673Z
1,16,40,977,2024-08-16T07:59:09.682Z
1,17,40,978,2024-08-16T07:59:09.692Z
1,18,40,981,2024-08-16T07:59:09.702Z
1,16,39,978,2024-08-16T07:59:09.718Z
1,17,38,982,2024-08-16T07:59:09.725Z
1,16,39,980,2024-08-16T07:59:09.735Z
1,17,39,981,2024-08-16T07:59:09.745Z
1,17,40,979,2024-08-16T07:59:09.755Z
1,17,39,978,2024-08-16T07:59:09.765Z
1,15,38,979,2024-08-16T07:59:09.775Z
1,18,40,979,2024-08-16T07:59:09.785Z
1,16,39,978,2024-08-16T07:59:09.795Z
1,18,40,980,2024-08-16T07:59:09.806Z
1,19,39,979,2024-08-16T07:59:09.815Z
1,17,38,980,2024-08-16T07:59:09.861Z
1,16,39,980,2024-08-16T07:59:09.866Z
1,18,39,977,2024-08-16T07:59:09.875Z
1,18,41,982,2024-08-16T07:59:09.885Z
1,18,39,979,2024-08-16T07:59:09.895Z
1,17,39,980,2024-08-16T07:59:09.905Z
1,18,40,981,2024-08-16T07:59:09.915Z
1,18,40,980,2024-08-16T07:59:09.925Z
1,17,40,977,2024-08-16T07:59:09.936Z
1,16,39,982,2024-08-16T07:59:09.945Z
1,19,40,976,2024-08-16T07:59:09.956Z
1,17,39,981,2024-08-16T07:59:09.965Z
1,16,38,979,2024-08-16T07:59:09.975Z
1,18,39,978,2024-08-16T07:59:09.986Z
1,17,40,980,2024-08-16T07:59:09.996Z
1,17,40,980,2024-08-16T07:59:10.010Z
1,16,39,980,2024-08-16T07:59:10.019Z
1,17,40,980,2024-08-16T07:59:10.029Z
1,18,40,980,2024-08-16T07:59:10.039Z
1,16,40,980,2024-08-16T07:59:10.049Z
1,17,39,978,2024-08-16T07:59:10.060Z
1,17,39,982,2024-08-16T07:59:10.069Z
1,16,39,979,2024-08-16T07:59:10.079Z
1,16,40,978,2024-08-16T07:59:10.089Z
1,18,40,981,2024-08-16T07:59:10.099Z
1,17,40,977,2024-08-16T07:59:10.109Z
1,16,39,982,2024-08-16T07:59:10.151Z
1,18,40,979,2024-08-16T07:59:10.153Z
1,17,39,981,2024-08-16T07:59:10.156Z
1,18,40,978,2024-08-16T07:59:10.166Z
1,16,39,979,2024-08-16T07:59:10.168Z
1,16,40,978,2024-08-16T07:59:10.173Z
1,17,40,980,2024-08-16T07:59:10.184Z
1,16,40,977,2024-08-16T07:59:10.194Z
1,15,40,981,2024-08-16T07:59:10.203Z
1,17,38,979,2024-08-16T07:59:10.213Z
1,16,40,978,2024-08-16T07:59:10.223Z
1,17,39,978,2024-08-16T07:59:10.261Z
1,17,39,978,2024-08-16T07:59:10.270Z
1,18,39,978,2024-08-16T07:59:10.279Z
1,17,39,980,2024-08-16T07:59:10.294Z
1,17,40,977,2024-08-16T07:59:10.302Z
1,18,40,977,2024-08-16T07:59:10.312Z
1,16,38,978,2024-08-16T07:59:10.322Z
1,18,38,981,2024-08-16T07:59:10.332Z
1,17,40,979,2024-08-16T07:59:10.342Z
1,16,39,979,2024-08-16T07:59:10.352Z
1,17,40,978,2024-08-16T07:59:10.362Z
1,16,39,979,2024-08-16T07:59:10.372Z
1,16,40,977,2024-08-16T07:59:10.382Z
1,18,40,980,2024-08-16T07:59:10.392Z
1,16,40,980,2024-08-16T07:59:10.402Z
1,16,39,979,2024-08-16T07:59:10.412Z
1,17,40,980,2024-08-16T07:59:10.422Z
1,18,40,979,2024-08-16T07:59:10.438Z
1,17,39,979,2024-08-16T07:59:10.445Z
1,18,40,977,2024-08-16T07:59:10.455Z
1,17,39,980,2024-08-16T07:59:10.465Z
1,17,40,981,2024-08-16T07:59:10.475Z
1,18,39,979,2024-08-16T07:59:10.485Z
1,18,39,981,2024-08-16T07:59:10.495Z
1,18,40,978,2024-08-16T07:59:10.505Z
1,16,41,980,2024-08-16T07:59:10.515Z
1,17,41,979,2024-08-16T07:59:10.525Z
1,17,39,978,2024-08-16T07:59:10.535Z
1,17,39,978,2024-08-16T07:59:10.545Z
1,17,38,978,2024-08-16T07:59:10.556Z
1,17,39,980,2024-08-16T07:59:10.565Z
1,16,39,979,2024-08-16T07:59:10.582Z
1,17,38,980,2024-08-16T07:59:10.589Z
1,16,40,979,2024-08-16T07:59:10.598Z
1,18,39,979,2024-08-16T07:59:10.608Z
1,15,38,978,2024-08-16T07:59:10.618Z
1,16,39,980,2024-08-16T07:59:10.656Z
1,17,39,980,2024-08-16T07:59:10.665Z
1,17,38,978,2024-08-16T07:59:10.676Z
1,19,39,979,2024-08-16T07:59:10.686Z
1,18,39,977,2024-08-16T07:59:10.696Z
1,17,39,978,2024-08-16T07:59:10.705Z
1,17,38,979,2024-08-16T07:59:10.715Z
1,17,40,981,2024-08-16T07:59:10.730Z
1,17,38,979,2024-08-16T07:59:10.742Z
1,17,41,977,2024-08-16T07:59:10.749Z
1,17,39,979,2024-08-16T07:59:10.759Z
1,17,39,979,2024-08-16T07:59:10.769Z
1,16,40,980,2024-08-16T07:59:10.779Z
1,17,40,979,2024-08-16T07:59:10.789Z
1,16,40,979,2024-08-16T07:59:10.799Z
1,16,38,980,2024-08-16T07:59:10.809Z
1,15,40,981,2024-08-16T07:59:10.819Z
1,18,39,977,2024-08-16T07:59:10.829Z
1,15,39,979,2024-08-16T07:59:10.839Z
1,16,40,980,2024-08-16T07:59:10.849Z
1,17,39,978,2024-08-16T07:59:10.859Z
1,18,40,978,2024-08-16T07:59:10.873Z
1,17,39,979,2024-08-16T07:59:10.882Z
1,18,38,979,2024-08-16T07:59:10.892Z
1,18,39,980,2024-08-16T07:59:10.902Z
1,19,39,978,2024-08-16T07:59:10.912Z
1,17,40,980,2024-08-16T07:59:10.922Z
1,18,40,978,2024-08-16T07:59:10.932Z
1,17,40,978,2024-08-16T07:59:10.943Z
1,17,40,979,2024-08-16T07:59:10.952Z
1,17,40,978,2024-08-16T07:59:10.962Z
1,17,39,981,2024-08-16T07:59:10.972Z
1,16,38,980,2024-08-16T07:59:10.982Z
1,18,39,978,2024-08-16T07:59:10.992Z
1,16,39,981,2024-08-16T07:59:11.003Z
1,17,39,980,2024-08-16T07:59:11.016Z
1,16,41,980,2024-08-16T07:59:11.053Z
1,17,40,979,2024-08-16T07:59:11.062Z
1,16,39,981,2024-08-16T07:59:11.071Z
1,15,38,979,2024-08-16T07:59:11.081Z
1,16,40,980,2024-08-16T07:59:11.091Z
1,18,39,979,2024-08-16T07:59:11.101Z
1,17,39,979,2024-08-16T07:59:11.111Z
1,17,39,977,2024-08-16T07:59:11.121Z
1,17,39,980,2024-08-16T07:59:11.132Z
1,16,39,979,2024-08-16T07:59:11.141Z
1,16,39,976,2024-08-16T07:59:11.157Z
1,17,40,979,2024-08-16T07:59:11.164Z
1,17,38,979,2024-08-16T07:59:11.174Z
1,17,39,977,2024-08-16T07:59:11.184Z
1,17,40,981,2024-08-16T07:59:11.194Z
1,19,38,979,2024-08-16T07:59:11.204Z
1,17,39,980,2024-08-16T07:59:11.214Z
1,16,38,981,2024-08-16T07:59:11.224Z
1,17,40,980,2024-08-16T07:59:11.234Z
1,16,39,981,2024-08-16T07:59:11.244Z
1,16,39,979,2024-08-16T07:59:11.254Z
1,17,39,978,2024-08-16T07:59:11.274Z
1,17,40,981,2024-08-16T07:59:11.284Z
1,18,40,980,2024-08-16T07:59:11.301Z
1,16,39,979,2024-08-16T07:59:11.307Z
1,19,39,979,2024-08-16T07:59:11.317Z
1,18,38,978,2024-08-16T07:59:11.327Z
1,18,39,978,2024-08-16T07:59:11.337Z
1,17,40,981,2024-08-16T07:59:11.347Z
1,16,40,981,2024-08-16T07:59:11.357Z
1,17,39,978,2024-08-16T07:59:11.367Z
1,16,39,979,2024-08-16T07:59:11.377Z
1,16,41,980,2024-08-16T07:59:11.387Z
1,17,38,977,2024-08-16T07:59:11.397Z
1,15,39,981,2024-08-16T07:59:11.407Z
1,15,38,978,2024-08-16T07:59:11.452Z
1,17,39,978,2024-08-16T07:59:11.458Z
1,18,38,979,2024-08-16T07:59:11.468Z
1,16,40,979,2024-08-16T07:59:11.478Z
1,16,38,979,2024-08-16T07:59:11.488Z
1,17,38,978,2024-08-16T07:59:11.498Z
1,17,39,981,2024-08-16T07:59:11.508Z
1,17,39,979,2024-08-16T07:59:11.518Z
1,17,39,981,2024-08-16T07:59:11.528Z
1,15,40,980,2024-08-16T07:59:11.538Z
1,18,39,977,2024-08-16T07:59:11.548Z
1,18,39,980,2024-08-16T07:59:11.558Z
1,19,40,980,2024-08-16T07:59:11.568Z
1,17,39,979,2024-08-16T07:59:11.578Z
1,16,40,978,2024-08-16T07:59:11.593Z
1,17,41,980,2024-08-16T07:59:11.601Z
1,16,39,978,2024-08-16T07:59:11.611Z
1,17,39,978,2024-08-16T07:59:11.621Z
1,16,38,979,2024-08-16T07:59:11.632Z
1,17,39,978,2024-08-16T07:59:11.641Z
1,17,39,977,2024-08-16T07:59:11.651Z
1,18,40,981,2024-08-16T07:59:11.662Z
1,15,41,979,2024-08-16T07:59:11.671Z
1,17,40,980,2024-08-16T07:59:11.682Z
1,16,39,979,2024-08-16T07:59:11.691Z
1,16,40,979,2024-08-16T07:59:11.701Z
1,15,40,978,2024-08-16T07:59:11.711Z
1,17,39,979,2024-08-16T07:59:11.721Z
1,17,40,978,2024-08-16T07:59:11.735Z
1,17,39,979,2024-08-16T07:59:11.744Z
1,17,39,980,2024-08-16T07:59:11.754Z
1,17,38,981,2024-08-16T07:59:11.764Z
1,18,39,982,2024-08-16T07:59:11.775Z
1,18,39,979,2024-08-16T07:59:11.784Z
1,17,39,980,2024-08-16T07:59:11.794Z
1,19,39,981,2024-08-16T07:59:11.804Z
1,16,39,977,2024-08-16T07:59:11.814Z
1,16,38,980,2024-08-16T07:59:11.852Z
1,15,39,978,2024-08-16T07:59:11.861Z
1,17,39,978,2024-08-16T07:59:11.878Z
1,16,38,981,2024-08-16T07:59:11.884Z
1,18,39,979,2024-08-16T07:59:11.893Z
1,16,39,979,2024-08-16T07:59:11.903Z
1,18,39,979,2024-08-16T07:59:11.913Z
1,16,38,979,2024-08-16T07:59:11.924Z
1,17,39,980,2024-08-16T07:59:11.933Z
1,16,39,978,2024-08-16T07:59:11.943Z
1,18,39,980,2024-08-16T07:59:11.953Z
1,18,40,981,2024-08-16T07:59:11.963Z
1,17,41,979,2024-08-16T07:59:11.973Z
1,16,37,979,2024-08-16T07:59:11.983Z
1,17,39,979,2024-08-16T07:59:11.993Z
1,18,40,980,2024-08-16T07:59:12.004Z
1,14,39,980,2024-08-16T07:59:12.020Z
1,15,38,978,2024-08-16T07:59:12.026Z
1,15,40,981,2024-08-16T07:59:12.036Z
1,17,39,980,2024-08-16T07:59:12.046Z
1,15,40,979,2024-08-16T07:59:12.056Z
1,17,39,981,2024-08-16T07:59:12.066Z
1,18,38,979,2024-08-16T07:59:12.076Z
1,16,37,977,2024-08-16T07:59:12.086Z
1,17,39,980,2024-08-16T07:59:12.096Z
1,18,40,979,2024-08-16T07:59:12.106Z
1,17,38,979,2024-08-16T07:59:12.117Z
1,17,40,979,2024-08-16T07:59:12.126Z
1,19,40,980,2024-08-16T07:59:12.136Z
1,15,40,979,2024-08-16T07:59:12.146Z
1,16,41,982,2024-08-16T07:59:12.156Z
1,15,38,980,2024-08-16T07:59:12.171Z
1,17,39,979,2024-08-16T07:59:12.180Z
1,16,38,979,2024-08-16T07:59:12.191Z
1,16,39,978,2024-08-16T07:59:12.200Z
1,16,38,978,2024-08-16T07:59:12.211Z
1,16,40,978,2024-08-16T07:59:12.248Z
1,14,39,980,2024-08-16T07:59:12.257Z
1,17,39,980,2024-08-16T07:59:12.266Z
1,19,39,982,2024-08-16T07:59:12.276Z
1,18,40,978,2024-08-16T07:59:12.286Z
1,15,40,977,2024-08-16T07:59:12.296Z
1,16,40,980,2024-08-16T07:59:12.311Z
1,17,40,976,2024-08-16T07:59:12.320Z
1,16,38,978,2024-08-16T07:59:12.329Z
1,16,39,978,2024-08-16T07:59:12.339Z
1,19,38,978,2024-08-16T07:59:12.350Z
1,15,39,979,2024-08-16T07:59:12.359Z
1,17,39,982,2024-08-16T07:59:12.369Z
1,17,39,979,2024-08-16T07:59:12.379Z
1,17,39,982,2024-08-16T07:59:12.389Z
1,16,39,979,2024-08-16T07:59:12.400Z
1,16,39,977,2024-08-16T07:59:12.409Z
1,16,39,979,2024-08-16T07:59:12.419Z
1,19,40,979,2024-08-16T07:59:12.429Z
1,16,40,981,2024-08-16T07:59:12.439Z
1,17,37,977,2024-08-16T07:59:12.454Z
1,17,41,979,2024-08-16T07:59:12.462Z
1,18,39,978,2024-08-16T07:59:12.472Z
1,17,39,978,2024-08-16T07:59:12.482Z
1,16,39,979,2024-08-16T07:59:12.492Z
1,17,39,981,2024-08-16T07:59:12.502Z
1,18,39,978,2024-08-16T07:59:12.512Z
1,17,38,979,2024-08-16T07:59:12.522Z
1,16,38,978,2024-08-16T07:59:12.532Z
1,18,38,979,2024-08-16T07:59:12.542Z
1,16,39,979,2024-08-16T07:59:12.552Z
1,16,39,979,2024-08-16T07:59:12.562Z
1,16,40,980,2024-08-16T07:59:12.572Z
1,18,40,979,2024-08-16T07:59:12.582Z
1,16,39,979,2024-08-16T07:59:12.597Z
1,17,39,977,2024-08-16T07:59:12.606Z
1,17,39,978,2024-08-16T07:59:12.643Z
1,17,40,979,2024-08-16T07:59:12.652Z
1,16,40,980,2024-08-16T07:59:12.662Z
1,16,39,981,2024-08-16T07:59:12.673Z
1,17,41,979,2024-08-16T07:59:12.682Z
1,17,40,981,2024-08-16T07:59:12.693Z
1,17,38,979,2024-08-16T07:59:12.702Z
1,15,39,980,2024-08-16T07:59:12.712Z
1,18,39,979,2024-08-16T07:59:12.722Z
1,18,39,978,2024-08-16T07:59:12.732Z
1,15,39,979,2024-08-16T07:59:12.746Z
1,18,37,979,2024-08-16T07:59:12.755Z
1,17,38,979,2024-08-16T07:59:12.765Z
1,17,37,976,2024-08-16T07:59:12.775Z
1,16,40,981,2024-08-16T07:59:12.785Z
1,17,40,978,2024-08-16T07:59:12.795Z
1,18,40,978,2024-08-16T07:59:12.805Z
1,16,39,978,2024-08-16T07:59:12.815Z
1,17,38,979,2024-08-16T07:59:12.825Z
1,17,38,978,2024-08-16T07:59:12.835Z
1,17,39,978,2024-08-16T07:59:12.845Z
1,17,39,978,2024-08-16T07:59:12.855Z
1,17,40,979,2024-08-16T07:59:12.865Z
1,17,40,981,2024-08-16T07:59:12.875Z
1,16,40,979,2024-08-16T07:59:12.890Z
1,17,40,981,2024-08-16T07:59:12.899Z
1,16,39,979,2024-08-16T07:59:12.909Z
1,17,37,980,2024-08-16T07:59:12.919Z
1,17,38,978,2024-08-16T07:59:12.930Z
1,17,39,981,2024-08-16T07:59:12.939Z
1,15,38,978,2024-08-16T07:59:12.949Z
1,17,39,977,2024-08-16T07:59:12.959Z
1,16,38,980,2024-08-16T07:59:12.969Z
1,18,39,979,2024-08-16T07:59:12.980Z
1,16,41,976,2024-08-16T07:59:12.989Z
1,16,40,978,2024-08-16T07:59:12.999Z
1,17,41,978,2024-08-16T07:59:13.043Z
1,16,40,981,2024-08-16T07:59:13.050Z
1,18,40,978,2024-08-16T07:59:13.060Z
1,16,39,979,2024-08-16T07:59:13.071Z
1,17,39,980,2024-08-16T07:59:13.080Z
1,17,40,979,2024-08-16T07:59:13.090Z
1,18,39,977,2024-08-16T07:59:13.100Z
1,15,39,981,2024-08-16T07:59:13.110Z
1,16,38,978,2024-08-16T07:59:13.120Z
1,18,38,980,2024-08-16T07:59:13.130Z
1,16,39,980,2024-08-16T07:59:13.140Z
1,17,40,977,2024-08-16T07:59:13.150Z
1,14,40,981,2024-08-16T07:59:13.160Z
1,18,40,978,2024-08-16T07:59:13.174Z
1,18,39,981,2024-08-16T07:59:13.183Z
1,17,41,978,2024-08-16T07:59:13.193Z
1,18,39,979,2024-08-16T07:59:13.203Z
1,17,41,979,2024-08-16T07:59:13.214Z
1,17,38,980,2024-08-16T07:59:13.223Z
1,17,39,980,2024-08-16T07:59:13.233Z
1,17,40,980,2024-08-16T07:59:13.243Z
1,16,38,979,2024-08-16T07:59:13.253Z
1,17,38,978,2024-08-16T07:59:13.264Z
1,16,36,979,2024-08-16T07:59:13.273Z
1,17,40,980,2024-08-16T07:59:13.283Z
1,16,38,980,2024-08-16T07:59:13.293Z
1,20,39,978,2024-08-16T07:59:13.303Z
1,17,40,979,2024-08-16T07:59:13.318Z
1,17,40,979,2024-08-16T07:59:13.326Z
1,16,39,979,2024-08-16T07:59:13.335Z
1,18,39,978,2024-08-16T07:59:13.345Z
1,18,38,979,2024-08-16T07:59:13.355Z
1,17,40,978,2024-08-16T07:59:13.365Z
1,16,39,981,2024-08-16T07:59:13.376Z
1,17,40,978,2024-08-16T07:59:13.385Z
1,17,38,979,2024-08-16T07:59:13.395Z
1,16,39,979,2024-08-16T07:59:13.405Z
1,18,39,980,2024-08-16T07:59:13.443Z
1,16,40,980,2024-08-16T07:59:13.452Z
1,16,39,979,2024-08-16T07:59:13.466Z
1,16,40,979,2024-08-16T07:59:13.475Z
1,16,39,978,2024-08-16T07:59:13.485Z
1,16,37,978,2024-08-16T07:59:13.495Z
1,17,38,983,2024-08-16T07:59:13.506Z
1,17,39,979,2024-08-16T07:59:13.515Z
1,17,39,978,2024-08-16T07:59:13.525Z
1,17,38,978,2024-08-16T07:59:13.535Z
1,16,38,979,2024-08-16T07:59:13.545Z
1,18,40,980,2024-08-16T07:59:13.555Z
1,17,39,981,2024-08-16T07:59:13.565Z
1,19,40,978,2024-08-16T07:59:13.575Z
1,16,40,978,2024-08-16T07:59:13.585Z
1,16,40,978,2024-08-16T07:59:13.595Z
1,19,40,981,2024-08-16T07:59:13.609Z
1,18,40,978,2024-08-16T07:59:13.618Z
1,17,41,979,2024-08-16T07:59:13.628Z
1,17,39,979,2024-08-16T07:59:13.638Z
1,18,40,980,2024-08-16T07:59:13.648Z
1,17,40,978,2024-08-16T07:59:13.658Z
1,16,39,980,2024-08-16T07:59:13.668Z
1,17,38,979,2024-08-16T07:59:13.678Z
1,18,37,979,2024-08-16T07:59:13.688Z
1,17,36,981,2024-08-16T07:59:13.698Z
1,16,37,978,2024-08-16T07:59:13.708Z
1,16,37,981,2024-08-16T07:59:13.718Z
1,16,40,979,2024-08-16T07:59:13.728Z
1,15,39,979,2024-08-16T07:59:13.738Z
1,17,40,977,2024-08-16T07:59:13.752Z
1,16,40,977,2024-08-16T07:59:13.761Z
1,16,39,980,2024-08-16T07:59:13.771Z
1,17,40,978,2024-08-16T07:59:13.781Z
1,18,40,980,2024-08-16T07:59:13.791Z
1,18,40,980,2024-08-16T07:59:13.801Z
1,18,39,981,2024-08-16T07:59:13.839Z
1,17,40,979,2024-08-16T07:59:13.848Z
1,18,40,980,2024-08-16T07:59:13.857Z
1,18,39,976,2024-08-16T07:59:13.867Z
1,15,40,982,2024-08-16T07:59:13.877Z
1,16,40,980,2024-08-16T07:59:13.893Z
1,15,39,978,2024-08-16T07:59:13.910Z
1,16,39,979,2024-08-16T07:59:13.920Z
1,17,37,978,2024-08-16T07:59:13.930Z
1,16,38,980,2024-08-16T07:59:13.941Z
1,16,39,979,2024-08-16T07:59:13.950Z
1,15,38,979,2024-08-16T07:59:13.960Z
1,16,38,978,2024-08-16T07:59:13.970Z
1,18,39,980,2024-08-16T07:59:13.980Z
1,17,40,980,2024-08-16T07:59:13.990Z
1,18,38,979,2024-08-16T07:59:14.000Z
1,19,39,980,2024-08-16T07:59:14.010Z
1,17,40,978,2024-08-16T07:59:14.020Z
1,17,40,978,2024-08-16T07:59:14.037Z
1,19,40,978,2024-08-16T07:59:14.044Z
1,17,40,979,2024-08-16T07:59:14.053Z
1,17,40,979,2024-08-16T07:59:14.063Z
1,17,40,979,2024-08-16T07:59:14.073Z
1,17,39,979,2024-08-16T07:59:14.083Z
1,15,38,979,2024-08-16T07:59:14.093Z
1,17,39,980,2024-08-16T07:59:14.103Z
1,17,40,979,2024-08-16T07:59:14.113Z
1,15,39,979,2024-08-16T07:59:14.123Z
1,17,39,980,2024-08-16T07:59:14.143Z
1,16,40,979,2024-08-16T07:59:14.153Z
1,16,38,979,2024-08-16T07:59:14.163Z
1,16,41,979,2024-08-16T07:59:14.180Z
1,18,40,977,2024-08-16T07:59:14.186Z
1,19,38,980,2024-08-16T07:59:14.196Z
1,18,40,979,2024-08-16T07:59:14.234Z
1,18,40,978,2024-08-16T07:59:14.243Z
1,17,40,979,2024-08-16T07:59:14.253Z
1,18,40,980,2024-08-16T07:59:14.263Z
1,19,39,980,2024-08-16T07:59:14.274Z
1,18,39,981,2024-08-16T07:59:14.283Z
1,17,39,977,2024-08-16T07:59:14.293Z
1,15,39,982,2024-08-16T07:59:14.303Z
1,17,39,979,2024-08-16T07:59:14.313Z
1,15,38,980,2024-08-16T07:59:14.327Z
1,15,38,977,2024-08-16T07:59:14.336Z
1,16,40,981,2024-08-16T07:59:14.345Z
1,16,40,979,2024-08-16T07:59:14.355Z
1,16,39,980,2024-08-16T07:59:14.366Z
1,17,39,978,2024-08-16T07:59:14.375Z
1,16,39,981,2024-08-16T07:59:14.385Z
1,17,40,979,2024-08-16T07:59:14.395Z
1,17,39,978,2024-08-16T07:59:14.405Z
1,18,40,979,2024-08-16T07:59:14.415Z
1,17,39,977,2024-08-16T07:59:14.425Z
1,19,38,979,2024-08-16T07:59:14.435Z
1,17,41,981,2024-08-16T07:59:14.445Z
1,16,40,979,2024-08-16T07:59:14.455Z
1,17,39,980,2024-08-16T07:59:14.470Z
1,16,41,978,2024-08-16T07:59:14.478Z
1,17,40,983,2024-08-16T07:59:14.488Z
1,16,40,978,2024-08-16T07:59:14.498Z
1,17,40,979,2024-08-16T07:59:14.508Z
1,17,39,980,2024-08-16T07:59:14.518Z
1,18,39,977,2024-08-16T07:59:14.528Z
1,16,36,979,2024-08-16T07:59:14.538Z
1,17,37,979,2024-08-16T07:59:14.548Z
1,17,38,979,2024-08-16T07:59:14.558Z
1,16,39,978,2024-08-16T07:59:14.568Z
1,17,39,979,2024-08-16T07:59:14.578Z
1,17,40,978,2024-08-16T07:59:14.588Z
1,15,41,981,2024-08-16T07:59:14.633Z
1,19,40,979,2024-08-16T07:59:14.639Z
1,15,41,982,2024-08-16T07:59:14.649Z
1,18,41,980,2024-08-16T07:59:14.659Z
1,16,40,978,2024-08-16T07:59:14.669Z
1,17,41,977,2024-08-16T07:59:14.679Z
1,17,40,980,2024-08-16T07:59:14.689Z
1,17,38,979,2024-08-16T07:59:14.699Z
1,17,39,978,2024-08-16T07:59:14.709Z
1,18,39,980,2024-08-16T07:59:14.719Z
1,16,38,978,2024-08-16T07:59:14.729Z
1,16,37,979,2024-08-16T07:59:14.739Z
1,14,38,980,2024-08-16T07:59:14.758Z
1,17,39,979,2024-08-16T07:59:14.762Z
1,18,40,978,2024-08-16T07:59:14.771Z
1,16,40,978,2024-08-16T07:59:14.781Z
1,17,39,979,2024-08-16T07:59:14.791Z
1,16,42,980,2024-08-16T07:59:14.802Z
1,17,38,980,2024-08-16T07:59:14.811Z
1,17,39,978,2024-08-16T07:59:14.821Z
1,18,38,978,2024-08-16T07:59:14.831Z
1,16,39,982,2024-08-16T07:59:14.841Z
1,18,39,977,2024-08-16T07:59:14.851Z
1,15,39,980,2024-08-16T07:59:14.861Z
1,19,40,980,2024-08-16T07:59:14.871Z
1,17,40,981,2024-08-16T07:59:14.881Z
1,17,40,978,2024-08-16T07:59:14.891Z
1,18,40,978,2024-08-16T07:59:14.905Z
1,17,38,978,2024-08-16T07:59:14.916Z
1,17,40,980,2024-08-16T07:59:14.925Z
1,17,39,977,2024-08-16T07:59:14.935Z
1,15,38,980,2024-08-16T07:59:14.945Z
1,17,39,976,2024-08-16T07:59:14.955Z
1,16,39,979,2024-08-16T07:59:14.965Z
1,17,38,979,2024-08-16T07:59:14.975Z
1,17,38,978,2024-08-16T07:59:14.985Z
1,16,39,979,2024-08-16T07:59:14.995Z
1,17,38,980,2024-08-16T07:59:15.033Z
1,16,40,981,2024-08-16T07:59:15.048Z
1,17,41,980,2024-08-16T07:59:15.058Z
1,17,40,980,2024-08-16T07:59:15.067Z
1,18,40,979,2024-08-16T07:59:15.077Z
1,18,40,980,2024-08-16T07:59:15.087Z
1,17,40,978,2024-08-16T07:59:15.098Z
1,17,39,982,2024-08-16T07:59:15.107Z
1,17,39,977,2024-08-16T07:59:15.117Z
1,17,39,980,2024-08-16T07:59:15.127Z
1,16,41,978,2024-08-16T07:59:15.138Z
1,16,40,978,2024-08-16T07:59:15.147Z
1,17,39,979,2024-08-16T07:59:15.157Z
1,16,39,981,2024-08-16T07:59:15.167Z
1,17,39,977,2024-08-16T07:59:15.177Z
1,17,38,981,2024-08-16T07:59:15.191Z
1,17,40,977,2024-08-16T07:59:15.200Z
1,15,40,980,2024-08-16T07:59:15.210Z
1,17,40,977,2024-08-16T07:59:15.220Z
1,18,39,980,2024-08-16T07:59:15.231Z
1,16,40,980,2024-08-16T07:59:15.240Z
1,17,41,980,2024-08-16T07:59:15.250Z
1,18,40,979,2024-08-16T07:59:15.260Z
1,17,40,980,2024-08-16T07:59:15.270Z
1,16,40,978,2024-08-16T07:59:15.280Z
1,17,40,979,2024-08-16T07:59:15.290Z
1,17,39,977,2024-08-16T07:59:15.300Z
1,16,40,978,2024-08-16T07:59:15.310Z
1,17,38,978,2024-08-16T07:59:15.320Z
1,18,39,978,2024-08-16T07:59:15.335Z
1,17,38,979,2024-08-16T07:59:15.344Z
1,16,38,977,2024-08-16T07:59:15.353Z
1,17,40,979,2024-08-16T07:59:15.363Z
1,16,41,981,2024-08-16T07:59:15.373Z
1,16,40,978,2024-08-16T07:59:15.383Z
1,17,39,980,2024-08-16T07:59:15.393Z
1,17,40,979,2024-08-16T07:59:15.431Z
1,17,39,981,2024-08-16T07:59:15.440Z
1,18,39,981,2024-08-16T07:59:15.450Z
1,17,38,978,2024-08-16T07:59:15.460Z
1,16,37,980,2024-08-16T07:59:15.478Z
1,17,40,979,2024-08-16T07:59:15.483Z
1,17,40,978,2024-08-16T07:59:15.492Z
1,17,39,979,2024-08-16T07:59:15.502Z
1,19,40,978,2024-08-16T07:59:15.512Z
1,17,41,977,2024-08-16T07:59:15.522Z
1,16,41,981,2024-08-16T07:59:15.532Z
1,18,40,978,2024-08-16T07:59:15.542Z
1,17,38,978,2024-08-16T07:59:15.552Z
1,16,40,981,2024-08-16T07:59:15.562Z
1,16,40,976,2024-08-16T07:59:15.572Z
1,17,40,980,2024-08-16T07:59:15.582Z
1,18,39,978,2024-08-16T07:59:15.592Z
1,15,38,979,2024-08-16T07:59:15.602Z
1,15,39,979,2024-08-16T07:59:15.612Z
1,17,38,979,2024-08-16T07:59:15.625Z
1,16,37,980,2024-08-16T07:59:15.635Z
1,15,37,979,2024-08-16T07:59:15.645Z
1,15,38,979,2024-08-16T07:59:15.655Z
1,17,38,979,2024-08-16T07:59:15.666Z
1,16,40,980,2024-08-16T07:59:15.675Z
1,17,39,980,2024-08-16T07:59:15.685Z
1,17,40,980,2024-08-16T07:59:15.695Z
1,16,40,980,2024-08-16T07:59:15.705Z
1,18,39,980,2024-08-16T07:59:15.715Z
1,18,41,980,2024-08-16T07:59:15.725Z
1,18,43,977,2024-08-16T07:59:15.735Z
1,17,41,980,2024-08-16T07:59:15.745Z
1,19,41,977,2024-08-16T07:59:15.755Z
1,17,40,979,2024-08-16T07:59:15.769Z
1,19,40,978,2024-08-16T07:59:15.779Z
1,17,40,978,2024-08-16T07:59:15.789Z
1,16,38,977,2024-08-16T07:59:15.836Z
1,16,39,978,2024-08-16T07:59:15.845Z
1,16,38,980,2024-08-16T07:59:15.856Z
1,15,39,977,2024-08-16T07:59:15.865Z
1,16,39,980,2024-08-16T07:59:15.875Z
1,16,39,977,2024-08-16T07:59:15.885Z
1,16,38,978,2024-08-16T07:59:15.895Z
1,16,40,979,2024-08-16T07:59:15.910Z
1,16,39,977,2024-08-16T07:59:15.918Z
1,17,39,980,2024-08-16T07:59:15.928Z
1,18,40,978,2024-08-16T07:59:15.938Z
1,18,41,979,2024-08-16T07:59:15.948Z
1,18,40,980,2024-08-16T07:59:15.958Z
1,18,39,979,2024-08-16T07:59:15.968Z
1,18,38,979,2024-08-16T07:59:15.978Z
1,18,40,978,2024-08-16T07:59:15.988Z
1,17,40,979,2024-08-16T07:59:15.999Z
1,17,39,979,2024-08-16T07:59:16.008Z
1,17,40,980,2024-08-16T07:59:16.018Z
1,17,40,979,2024-08-16T07:59:16.028Z
1,18,40,979,2024-08-16T07:59:16.038Z
1,16,40,979,2024-08-16T07:59:16.053Z
1,16,38,979,2024-08-16T07:59:16.062Z
1,16,38,980,2024-08-16T07:59:16.072Z
1,16,38,976,2024-08-16T07:59:16.081Z
1,16,37,980,2024-08-16T07:59:16.091Z
1,16,39,978,2024-08-16T07:59:16.101Z
1,16,40,979,2024-08-16T07:59:16.111Z
1,15,40,979,2024-08-16T07:59:16.121Z
1,17,39,977,2024-08-16T07:59:16.131Z
1,16,40,979,2024-08-16T07:59:16.142Z
